"","dtime","bela_co2_flux","C.mod.flux","NEP_gC","DIC_pred","DIC_sat","oxy","oxysat","bela_co2_conc","bela_co2_sat"
"1",2019-08-10 04:00:00,4.75924927867568,4.56632763912145,-4.20023365408643,5.45246237439871,5.12123856933806,5.721,9.3732892719521,2.05348224502918,0.0144111390254962
"2",2019-08-10 04:10:00,4.76840286025716,4.56251341265284,-4.20023365408643,5.45298505662633,5.1215045510691,5.727,9.38060366074849,2.05908612037106,0.0144282386823784
"3",2019-08-10 04:20:00,4.74308821217187,4.5288590999997,-4.20023365408643,5.45224960959577,5.12177038896,5.73,9.38625307687637,2.05105515014758,0.0144453693491119
"4",2019-08-10 04:30:00,4.7247861472603,4.4948422351672,-4.20023365408643,5.4516746775753,5.12190325395893,5.755,9.40638861252997,2.04479809643431,0.0144539463322577
"5",2019-08-10 04:40:00,4.71300658210489,4.46543312040388,-4.20023365408643,5.45143172528831,5.12216887605103,5.738,9.40828022762367,2.04210685678541,0.0144711236403705
"6",2019-08-10 04:50:00,4.71271006374436,4.43677550479688,-4.20023365408643,5.45151497135577,5.1223016331392,5.76,9.41732721731989,2.04297744943988,0.014479723982275
"7",2019-08-10 05:00:00,4.70754817673432,4.41134872708866,-4.20023365408643,5.45151408574845,5.12256703938749,5.761,9.42111888868224,2.04290681110007,0.0144969480842042
"8",2019-08-10 05:10:00,4.70388556364858,4.36526116950737,-4.20023365408643,5.45161528365631,5.12289859480792,5.776,9.44138670976888,2.04392619497817,0.0145185222082986
"9",2019-08-10 05:20:00,4.69385176548894,4.29824694285832,-4.20023365408643,5.45129395830479,5.12296487890372,5.792,9.44138670976888,2.04043245119371,0.0145228429099934
"10",2019-08-10 05:30:00,4.71528477987701,4.20532278350379,-4.20023365408643,5.45203365466938,5.12289859480792,5.793,9.44329076200667,2.04845695465581,0.0145185222082986
"11",2019-08-10 05:40:00,4.69621805365864,4.08774103066683,-4.20023365408643,5.45147510508115,5.12309742010471,5.803,9.44900698512066,2.0423628350476,0.0145314901987964
"12",2019-08-10 05:50:00,4.68888592787482,3.95411244222237,-4.20023365408643,5.45139413546311,5.12336239453626,5.809,9.45260922085541,2.04142535836038,0.0145488083479932
"13",2019-08-10 06:00:00,4.6810795031371,3.80778124802006,-4.20023365408643,5.45115409045053,5.12342861564867,5.836,9.44900698512066,2.03881189521686,0.0145531428022855
"14",2019-08-10 06:10:00,4.67574703248015,3.64254861361642,-4.20023365408643,5.45105202908429,5.12356103087694,5.847,9.45812321019488,2.03767688828743,0.0145618176187665
"15",2019-08-10 06:20:00,4.66428509242895,3.46604674351391,-4.20023365408643,5.45067698399498,5.12362722499226,5.861,9.46194391185304,2.03360381763605,0.014566157983102
"16",2019-08-10 06:30:00,4.66560802237705,3.27729599906542,-4.16385791941965,5.45081983544386,5.12375958622391,5.861,9.45451726766187,2.03511871705764,0.0145748446293358
"17",2019-08-10 06:40:00,4.6588378162872,3.07923971758534,-3.83173943091077,5.45066440431557,5.12389191145511,5.902,9.47129487385549,2.03340669574018,0.014583539172824
"18",2019-08-10 06:50:00,4.62119430784327,2.87472374503045,-3.49547584487427,5.44932217213749,5.12395806056987,5.947,9.47320957861362,2.01888176843768,0.0145878894087304
"19",2019-08-10 07:00:00,4.60465759316816,2.66407334789328,-3.15570738589504,5.44880465808229,5.12409033179641,5.98,9.46746751117426,2.01326210527558,0.0145965958142568
"20",2019-08-10 07:10:00,4.57698807904441,2.45228715111951,-2.81308095204768,5.44778113509697,5.12409033179641,6.038,9.48066214581992,2.00221741573143,0.0145965958142568
"21",2019-08-10 07:20:00,4.54873480254895,2.23911014151045,-2.46824888284406,5.44659584088104,5.12389191145511,6.081,9.47129487385549,1.98948879945967,0.014583539172824
"22",2019-08-10 07:30:00,4.51389704503668,2.02719803561007,-2.12186771721384,5.44530477430887,5.12389191145511,6.158,9.47874478414855,1.9755927127939,0.014583539172824
"23",2019-08-10 07:40:00,4.48139984451721,1.81693438970115,-1.77459694391354,5.44405291438027,5.1238257533397,6.243,9.47129487385549,1.96215334834055,0.0145791909133849
"24",2019-08-10 07:50:00,4.40489405259937,1.61522791527087,-1.42709774534149,5.44120765714446,5.1238257533397,6.349,9.45812321019488,1.93164396375644,0.0145791909133849
"25",2019-08-10 08:00:00,4.31998818355409,1.42149320589035,-1.0800317392459,5.43794923495834,5.123693410108,6.541,9.47320957861362,1.89686212451909,0.0145705003196001
"26",2019-08-10 08:10:00,4.22575604822488,1.23821122981161,-0.73405971863044,5.43424248549817,5.12342861564867,6.744,9.45451726766187,1.85749414204618,0.0145531428022855
"27",2019-08-10 08:20:00,4.08855911758181,1.06814277717245,-0.389840393636462,5.42890410071663,5.12316367720933,7.009,9.44329076200667,1.80110713718932,0.0145358167880419
"28",2019-08-10 08:30:00,3.95149672596662,0.9115503147156,-0.0480291378177133,5.42354034436372,5.12289859480792,7.316,9.43779201400384,1.74487993255422,0.0145185222082986
"29",2019-08-10 08:40:00,3.80253663640335,0.769123164311641,0.290723260204615,5.41772767290161,5.12269968854277,7.638,9.42111888868224,1.68444396419086,0.0145055718612306
"30",2019-08-10 08:50:00,3.62551848744572,0.641941487370666,0.625771835131156,5.41061888212461,5.12223525909186,7.998,9.39715037100152,1.61138815965435,0.0144754228364523
"31",2019-08-10 09:00:00,3.43849769297259,0.529185131203939,0.95647867403105,5.40296821503901,5.12163748799587,8.331,9.38060366074849,1.53386627416263,0.0144368001352995
"32",2019-08-10 09:10:00,3.30846644320483,0.42952400992112,1.2822141294319,5.39756786003232,5.12117205143275,8.627,9.36786224116868,1.47989245501625,0.0144068689486718
"33",2019-08-10 09:20:00,3.16784294822048,0.341827375427058,1.60235801958564,5.39165625347854,5.12063958463771,8.853,9.35327854445938,1.42157228467367,0.0143727778288476
"34",2019-08-10 09:30:00,3.0551570070398,0.264766095126255,1.91630080821836,5.38688726786379,5.12023985713569,9.077,9.33707530085904,1.37513324934932,0.0143472903464609
"35",2019-08-10 09:40:00,2.96032796716218,0.197183758457931,2.2234447655698,5.38283889399445,5.1199065038344,9.298,9.31348263512379,1.33617014402888,0.0143261035385252
"36",2019-08-10 09:50:00,2.84320600913553,0.138210963501771,2.52320510643627,5.37772211385162,5.11937267152374,9.546,9.30811659400557,1.28760129757916,0.0142923040694777
"37",2019-08-10 10:00:00,2.74278051601523,0.0867815649434935,2.81501110320496,5.37321083085008,5.1187714233138,9.731,9.29020064834983,1.2454517844943,0.0142544253541487
"38",2019-08-10 10:10:00,2.64781020455058,0.0416830774963961,3.09830717286084,5.36888271973879,5.1181694481124,9.935,9.25986257438628,1.20561048888809,0.0142167001736108
"39",2019-08-10 10:20:00,2.55211887021155,0.00205721554870021,3.37255393477373,5.36444082694124,5.11749973449077,10.227,9.23681670567529,1.16537081796049,0.0141749624707442
"40",2019-08-10 10:30:00,2.46749541978993,-0.0325648255266195,3.63722923732171,5.36032838030445,5.11662776622272,10.476,9.20698804077816,1.12880020354774,0.0141209837839851
"41",2019-08-10 10:40:00,2.35777304643748,-0.063065686163717,3.89182915238336,5.35505569600074,5.11575428342923,10.709,9.19647715455639,1.08271994645836,0.0140673199413692
"42",2019-08-10 10:50:00,2.26764809313015,-0.0905733424693645,4.13586893467918,5.35067897118755,5.11508134362572,10.871,9.15985561706593,1.04524818996456,0.0140262529224618
"43",2019-08-10 11:00:00,2.21334299232165,-0.114414265407148,4.36888394479605,5.34765482053526,5.11393529198057,11.042,9.12707633539005,1.0200356028787,0.0139568607436154
"44",2019-08-10 11:10:00,2.14053917545696,-0.134543698796142,4.59043053356248,5.34339934337176,5.11204204499006,11.162,9.04524523873002,0.985296902677574,0.0138437141397305
"45",2019-08-10 11:20:00,2.06897872906352,-0.151278157779838,4.80008688702479,5.33890795412279,5.1095975877448,11.391,8.98326687875203,0.949635406423759,0.0137003060493694
"46",2019-08-10 11:30:00,2.01924660042589,-0.16718394423832,4.99745382946862,5.33569976128237,5.10775666854092,11.6,8.89607533322449,0.924746233507899,0.0135942507639215
"47",2019-08-10 11:40:00,1.96073424218886,-0.18170669985418,5.18215558350483,5.33213617034297,5.10611485542511,11.784,8.8571945347597,0.897504518306761,0.0135010427105722
"48",2019-08-10 11:50:00,1.92377520214455,-0.195765495838976,5.35384048531486,5.32980790899296,5.10494881172291,11.921,8.82030133870661,0.880059612329731,0.0134356185594764
"49",2019-08-10 12:00:00,1.87803183538262,-0.207868041084556,5.51218165443802,5.32668884897717,5.10302268852924,11.955,8.76157614072265,0.857227562060353,0.0133289294145259
"50",2019-08-10 12:10:00,1.84977851944039,-0.217994946810505,5.6568776160638,5.32423821116931,5.1006745089447,12.118,8.68507599325209,0.839929211083934,0.013201140769649
"51",2019-08-10 12:20:00,1.81349585139173,-0.227532375221373,5.78765287503127,5.32149556217248,5.09859412411676,12.208,8.62216507220048,0.82071706612496,0.0130899655039379
"52",2019-08-10 12:30:00,1.76582046095484,-0.236034775506232,5.90425844040965,5.31811821062006,5.09643608425176,12.315,8.53911718562687,0.79742142944996,0.0129766141605789
"53",2019-08-10 12:40:00,1.72135119590955,-0.243731707333189,6.00647229942891,5.31483965658324,5.09419959959818,12.451,8.47841186687822,0.775408681668095,0.0128612108029908
"54",2019-08-10 12:50:00,1.69059044315735,-0.251337578132027,6.09409984034553,5.31240325802973,5.09230560998756,12.501,8.42123009998999,0.759491391675226,0.0127650872235316
"55",2019-08-10 13:00:00,1.66951356222811,-0.25769272931225,6.16697422292437,5.31019530982513,5.0897704222539,12.575,8.34632559825059,0.745639639234293,0.0126386700491449
"56",2019-08-10 13:10:00,1.65783030234413,-0.264200975944392,6.22495669610496,5.30881589547973,5.08800326239544,12.628,8.29524659846297,0.737183057587082,0.0125520375583509
"57",2019-08-10 13:20:00,1.62869304186901,-0.2703306881488,6.26793686219846,5.3065775520893,5.08644369298695,12.628,8.25721541195978,0.723171982694116,0.0124765743582037
"58",2019-08-10 13:30:00,1.62391033410561,-0.274836062860165,6.29583288702795,5.30526358296206,5.08395396749223,12.733,8.20313412282039,0.715667256814651,0.0123579904112985
"59",2019-08-10 13:40:00,1.60992959375983,-0.280096402918311,6.30859165584919,5.30392635324924,5.0825979978624,12.722,8.15358983697357,0.707672512030641,0.0122943629819513
"60",2019-08-10 13:50:00,1.58915947477523,-0.284816713859663,6.30618887439653,5.30211733591789,5.08102406887035,12.786,8.1183151123222,0.696904501472646,0.0122213370299822
"61",2019-08-10 14:00:00,1.57725989873808,-0.288265604067218,6.28862911519777,5.3005816421889,5.07894303736988,12.816,8.04840772462147,0.688180305259786,0.0121261252106754
"62",2019-08-10 14:10:00,1.57375224307055,-0.291718146832829,6.25594580884847,5.29963247433802,5.07714330867566,12.82,7.99670902294738,0.683045220361397,0.0120449917455022
"63",2019-08-10 14:20:00,1.57605969396766,-0.294538999295091,6.20820118042958,5.29900852510354,5.07533828939433,12.853,7.95464400844915,0.679932790890423,0.0119647221446748
"64",2019-08-10 14:30:00,1.57423910381572,-0.298717268275567,6.14548613096628,5.2988764355151,5.07526597886021,12.84,7.96637667691339,0.679157988090754,0.0119615291728153
"65",2019-08-10 14:40:00,1.55266464555706,-0.301652115693382,6.06792006437918,5.29711814505477,5.07396294868841,12.855,7.92474627353937,0.669059746356725,0.0119042882235591
"66",2019-08-10 14:50:00,1.56253057462281,-0.30279551821618,5.97565066023454,5.2969817697864,5.07229400230494,12.806,7.87182349755794,0.668882926921199,0.011831783635795
"67",2019-08-10 15:00:00,1.57078438253053,-0.304029484098778,5.86885359254884,5.2969638978442,5.07113038137825,12.802,7.8450602530373,0.669221531991659,0.0117817628582544
"68",2019-08-10 15:10:00,1.57832135949079,-0.305412849893515,5.74773219516815,5.29708536302389,5.07040203169222,12.781,7.82346067470979,0.670226455027257,0.01175067226102
"69",2019-08-10 15:20:00,1.58408549832356,-0.306128576560348,5.61251707489776,5.29707624527437,5.06959988358062,12.777,7.80453294140437,0.670479175072256,0.011716624805278
"70",2019-08-10 15:30:00,1.59053210311868,-0.306750790178966,5.46346567228191,5.297134615171,5.06886978365597,12.718,7.78297762385774,0.671108063649621,0.011685810211788
"71",2019-08-10 15:40:00,1.59050205929711,-0.307824900559714,5.30086177150123,5.29695190698918,5.06843132459222,12.687,7.78057231313805,0.670183756552567,0.0116673840890147
"72",2019-08-10 15:50:00,1.59687289931127,-0.307934906740642,5.12501496007028,5.29700511615166,5.06769989527865,12.588,7.75419936401302,0.670782065078909,0.0116367778145935
"73",2019-08-10 16:00:00,1.63301183202945,-0.309169261718628,4.93626003932773,5.29899899816305,5.06769989527865,12.542,7.75793600205519,0.682800778627917,0.0116367778145935
"74",2019-08-10 16:10:00,1.62959098484746,-0.310565344843451,4.73495638730852,5.29890201914329,5.06791941118569,12.503,7.76541871752953,0.682127296446953,0.0116459460860779
"75",2019-08-10 16:20:00,1.66122651629837,-0.311248531410303,4.52148727406568,5.30062287693253,5.06791941118569,12.389,7.76541871752953,0.69265518972368,0.0116459460860779
"76",2019-08-10 16:30:00,1.68649162180333,-0.312703681931626,4.29625913224116,5.30212979510238,5.06828510512014,12.275,7.78057231313805,0.701858207583264,0.0116612524551853
"77",2019-08-10 16:40:00,1.69353653517853,-0.314130262977386,4.05970078308392,5.30259539204178,5.06850442187224,12.159,7.79065323184646,0.704684344412328,0.0116704518556076
"78",2019-08-10 16:50:00,1.71219683600826,-0.315937820516755,3.81226262038,5.30382442559883,5.06908890098254,12.079,7.80196495710079,0.712195532686425,0.0116950408678985
"79",2019-08-10 17:00:00,1.71604300585658,-0.318253328143165,3.55441575237006,5.30441665884286,5.07003754393507,12.088,7.81830438558247,0.715586714408253,0.0117351764286681
"80",2019-08-10 17:10:00,1.71448831417463,-0.320735625393183,3.2866511050517,5.30487364325013,5.07134872340819,11.985,7.85911016255311,0.717993852776215,0.0117911158386106
"81",2019-08-10 17:20:00,1.72564704457868,-0.322106881347477,3.00947848782913,5.30590922246143,5.07243930423932,11.856,7.88857416892775,0.724209264313478,0.011838060216022
"82",2019-08-10 17:30:00,1.73989268630509,-0.32297655952632,2.72342562222222,5.30704288126292,5.0733829492652,11.703,7.9117279887525,0.731172122333589,0.0118789885824156
"83",2019-08-10 17:40:00,1.75868583744774,-0.323022896024484,2.42903713742749,5.30831762794265,5.07410786448913,11.578,7.93126952439018,0.739208545675214,0.0119106266335325
"84",2019-08-10 17:50:00,1.77626878284543,-0.322699787552347,2.12687353373699,5.30958239703687,5.07497665241978,11.485,7.95464400844915,0.74720672556748,0.0119487709169514
"85",2019-08-10 18:00:00,1.77936567898079,-0.322213202780712,1.81751011468354,5.31006996922405,5.0757719754609,11.405,7.97170550907466,0.750136022835291,0.0119839086559581
"86",2019-08-10 18:10:00,1.78467014733018,-0.321537755567143,1.50153589215129,5.31070025515102,5.0766384357165,11.317,7.99402911101606,0.754002583824783,0.0120224296560769
"87",2019-08-10 18:20:00,1.80678219518158,-0.320211117919567,1.17955246469482,5.31212578474655,5.07735955585132,11.256,8.01773005762251,0.763294716389426,0.0120546819306379
"88",2019-08-10 18:30:00,1.81302660184272,-0.318629939023152,0.852172872637199,5.31268126540747,5.07793584226721,11.154,8.03375844946925,0.766830939087454,0.0120805833853575
"89",2019-08-10 18:40:00,1.84763948572531,-0.317033262146997,0.520020430109043,5.31469103407066,5.07858351582214,11.038,8.04968379730167,0.780302528772596,0.0121098288747066
"90",2019-08-10 18:50:00,1.86575564060653,-0.315181397805517,0.183727538799222,5.31592220871701,5.07937418283772,10.912,8.07511985614469,0.788505650403775,0.0121457270229222
"91",2019-08-10 19:00:00,1.90854981988462,-0.31288109176091,-0.156065516227314,5.31833025060015,5.08009207819747,10.762,8.09666671156581,0.805083058773979,0.0121785091364443
"92",2019-08-10 19:10:00,1.95270072262011,-0.310556821209223,-0.498711785465416,5.32083348500186,5.08095242843545,10.554,8.12366210160129,0.822576453759657,0.0122180340704732
"93",2019-08-10 19:20:00,2.05576588537222,-0.308355985633436,-0.843558887279444,5.32620298561913,5.0820976509468,10.24,8.14820806139024,0.861391798536369,0.0122710523669639
"94",2019-08-10 19:30:00,2.14004835609489,-0.305482202808784,-1.18995024917536,5.33051424745541,5.0830979254597,9.883,8.18239888982545,0.89351969682708,0.0123177440268055
"95",2019-08-10 19:40:00,2.25589675741202,-0.302205715525315,-1.53722635830169,5.3360523576578,5.08388267781606,9.512,8.20033110026918,0.936231881933738,0.0123546285803399
"96",2019-08-10 19:50:00,2.36038944176253,-0.298988446290648,-1.88472601754065,5.34101939042125,5.08480877407941,9.144,8.22943277195862,0.975618539360396,0.0123984458181166
"97",2019-08-10 20:00:00,2.49680343088561,-0.295887974547448,-2.23178760342876,5.34726254922579,5.08580448434719,8.83,8.25721541195978,1.02667512351654,0.0124459097129794
"98",2019-08-10 20:10:00,2.62629456834606,-0.292396929297045,-2.57775032682622,5.35304334683826,5.0867275616762,8.514,8.28113735874531,1.07535791583233,0.0124902414873651
"99",2019-08-10 20:20:00,2.77936716521418,-0.289297485275283,-2.92195549047613,5.36000777195531,5.08842787401272,7.966,8.32494704289152,1.13550101457744,0.0125727436741358
"100",2019-08-10 20:30:00,2.80761543392733,-0.28697834035426,-3.26374774327391,5.36216845975092,5.09068720520399,7.709,8.37789126719405,1.15393415481528,0.0126840923043729
"101",2019-08-10 20:40:00,2.8124335752646,-0.28518985897001,-3.60247632802285,5.36349671594342,5.09314816775984,7.537,8.46061041805988,1.16499162125973,0.0128076689528199
"102",2019-08-10 20:50:00,2.84406214629295,-0.282283228739198,-3.93749632045062,5.36567782590517,5.09510925154075,7.328,8.51826780503397,1.18399014969965,0.0129078985543152
"103",2019-08-10 21:00:00,2.92799146371082,-0.277782730813796,-4.20023365408643,5.36947817814604,5.09608722412695,7.146,8.54372327382295,1.21829438832744,0.0129584756205865
"104",2019-08-10 21:10:00,3.08625327128244,-0.272603317376446,-4.20023365408643,5.37598008947379,5.09671501466024,6.884,8.56005713815231,1.27839357875741,0.0129911536432641
"105",2019-08-10 21:20:00,3.24439200241858,-0.267456780266372,-4.20023365408643,5.38251019404027,5.09762056971166,6.655,8.59486133761202,1.33992924250492,0.0130385835254988
"106",2019-08-10 21:30:00,3.36482856743825,-0.262902984491715,-4.20023365408643,5.3877483597074,5.09894140480164,6.53,8.63894653934722,1.38996107931746,0.0131083929530735
"107",2019-08-10 21:40:00,3.4773804548241,-0.258318195563518,-4.20023365408643,5.39266123346161,5.10025906582232,6.351,8.66977236774833,1.43751307236086,0.0131787880942115
"108",2019-08-10 21:50:00,3.58877339130131,-0.25337088441504,-4.20023365408643,5.39743791279672,5.10143533050191,6.198,8.70995502073039,1.4843461623054,0.0132422745267717
"109",2019-08-10 22:00:00,3.72419448002384,-0.247587912067171,-4.20023365408643,5.40293342018091,5.10233310691792,6.065,8.73643550441722,1.53900654582566,0.0132911452055104
"110",2019-08-10 22:10:00,3.80424236467787,-0.241315078209866,-4.20023365408643,5.40636912322067,5.10322939066597,5.928,8.767881339945,1.57341477083181,0.013340297277826
"111",2019-08-10 22:20:00,3.92421306523651,-0.234494339770974,-4.20023365408643,5.41114110419183,5.10391782292044,5.817,8.78852204580708,1.62176093276266,0.0133782992669575
"112",2019-08-10 22:30:00,4.03533627042887,-0.227395202621833,-4.20023365408643,5.41565066186843,5.10474277337931,5.723,8.81711425157706,1.66780196787751,0.0134241242168815
"113",2019-08-10 22:40:00,4.12988215052319,-0.219468358544281,-4.20023365408643,5.41946976641194,5.10542925769463,5.63,8.83796096665947,1.70708621259356,0.0134624981982739
"114",2019-08-10 22:50:00,4.19630246452057,-0.210713604583457,-4.20023365408643,5.42218806413246,5.10597780683974,5.547,8.85247356816797,1.73518555583434,0.0134933201220382
"115",2019-08-10 23:00:00,4.29130587045448,-0.202086018897477,-4.20023365408643,5.42613698496507,5.10686798808525,5.474,8.87498535324384,1.77620069083335,0.0135436397236316
"116",2019-08-10 23:10:00,4.35852785194956,-0.192153082922058,-4.20023365408643,5.42888027944231,5.1074150460684,5.41,8.88314482480154,1.8048589685287,0.0135747503605648
"117",2019-08-10 23:20:00,4.42578779973986,-0.181278733448573,-4.20023365408643,5.43162376460763,5.10796153536032,5.359,8.91744546826358,1.83363476705021,0.0136059718362794
"118",2019-08-10 23:30:00,4.52255103998049,-0.169990874449969,-4.20023365408643,5.435547526893,5.10871202895157,5.293,8.92720666675971,1.87499058134358,0.0136490832156973
"119",2019-08-10 23:40:00,4.57363422035096,-0.157914381926508,-4.20023365408643,5.43784446513603,5.10946144586572,5.253,8.9550627562896,1.89922490132231,0.0136924062863383
"120",2019-08-10 23:50:00,4.63270976226157,-0.144136143232509,-4.20023365408643,5.44025407969183,5.10993778657136,5.232,8.97494385850091,1.92480240133115,0.0137200863033704
"121",2019-08-11,4.7044988588984,-0.129590191606772,-4.20023365408643,5.44329391133475,5.11068543985946,5.199,9.00170348360257,1.95714382045144,0.0137637584746582
"122",2019-08-11 00:10:00,4.74514824547345,-0.113989727940055,-4.20023365408643,5.44532133598717,5.11156763916103,5.175,9.02333023634327,1.97868913223263,0.0138156483314392
"123",2019-08-11 00:20:00,4.7894343584944,-0.0964608449413461,-4.20023365408643,5.44730291039152,5.11217750917401,5.155,9.0470103557273,1.99985805066518,0.013851749091828
"124",2019-08-11 00:30:00,4.79804310266361,-0.0769875379360934,-4.20023365408643,5.44797311410578,5.11271900872304,5.14,9.06902736760822,2.00694999586297,0.0138839608954212
"125",2019-08-11 00:40:00,4.86017633497272,-0.0557450203633914,-4.20023365408643,5.45064234917955,5.11339507916157,5.13,9.08244115941482,2.0355978994848,0.0139243882203051
"126",2019-08-11 00:50:00,4.87552911088431,-0.032446188610119,-4.20023365408643,5.45169746687343,5.11413772425124,5.146,9.10977146413277,2.04683536991924,0.0139690679964347
"127",2019-08-11 01:00:00,4.89151841941163,-0.00624202068797735,-4.20023365408643,5.45263905800209,5.11467715006671,5.139,9.12528347990333,2.05690388716748,0.0140017010950847
"128",2019-08-11 01:10:00,4.90261024005857,0.0230061450769375,-4.20023365408643,5.45340810880629,5.11521600320956,5.142,9.1304645411039,2.06511283088341,0.0140344515744126
"129",2019-08-11 01:20:00,4.89324597111812,0.0555193423132459,-4.20023365408643,5.45349480474705,5.11582152816081,5.152,9.15284257467318,2.06591378380698,0.0140714368015605
"130",2019-08-11 01:30:00,4.92520575255165,0.0920656395662199,-4.20023365408643,5.45501384952013,5.11635916355075,5.163,9.17029256126513,2.08227186921939,0.0141044384012445
"131",2019-08-11 01:40:00,4.91333495107271,0.133522241528705,-4.20023365408643,5.45487190753644,5.11676201379023,5.193,9.18941446031322,2.08063900448044,0.014129267649181
"132",2019-08-11 01:50:00,4.89983296073857,0.179929926607475,-4.20023365408643,5.45476523820446,5.11729864552072,5.207,9.21225145272622,2.07935871015654,0.0141624777901246
"133",2019-08-11 02:00:00,4.88972634506244,0.232355516626994,-4.20023365408643,5.45477997080194,5.1178347034205,5.244,9.23518898283221,2.07939656486957,0.0141958078073874
"134",2019-08-11 02:10:00,4.90146577253514,0.29154797247887,-4.20023365408643,5.45562860970074,5.11843708237984,5.235,9.24048093691018,2.08847722534649,0.0142334480134605
"135",2019-08-11 02:20:00,4.87799103039687,0.358914423638863,-4.20023365408643,5.45501982237445,5.1187714233138,5.269,9.25455098930354,2.08178787607759,0.0142544253541487
"136",2019-08-11 02:30:00,4.87241022499495,0.434905893725187,-4.20023365408643,5.4551977788519,5.11930590207677,5.284,9.277675193741,2.0835992995143,0.0142880877180728
"137",2019-08-11 02:40:00,4.87896308275822,0.520360843325188,-4.20023365408643,5.45581503648441,5.11983980622761,5.307,9.30090169674892,2.09018542656882,0.014321871920175
"138",2019-08-11 02:50:00,4.87442152536274,0.616565979946295,-4.20023365408643,5.4560320195525,5.12037313557418,5.324,9.31720078877153,2.09242356940162,0.0143557784899192
"139",2019-08-11 03:00:00,4.86765113094801,0.723118451354683,-4.20023365408643,5.45616856490532,5.12090588993126,5.323,9.3260936663312,2.09378785794055,0.0143898079594519
"140",2019-08-11 03:10:00,4.86459065395523,0.840147500871623,-4.20023365408643,5.45629653974527,5.12123856933806,5.373,9.35140640604647,2.09510447004604,0.0144111390254962
"141",2019-08-11 03:20:00,4.83649086881683,0.968234470681324,-4.20023365408643,5.45560916998157,5.12170394297342,5.38,9.36431679663037,2.08752581572655,0.0144410837715669
"142",2019-08-11 03:30:00,4.81848413220379,1.10604621271179,-4.20023365408643,5.45523942444754,5.12210248401701,5.391,9.3732892719521,2.08341739339506,0.0144668263929695
"143",2019-08-11 03:40:00,4.82443935432922,1.24997001378603,-4.20023365408643,5.45579140628731,5.12256703938749,5.416,9.38625307687637,2.08931162993514,0.0144969480842042
"144",2019-08-11 03:50:00,4.81342270612237,1.39940354958215,-4.20023365408643,5.45577196629139,5.12309742010471,5.432,9.40092771533232,2.08898043137838,0.0145314901987964
"145",2019-08-11 04:00:00,4.81348533428833,1.55315330562339,-4.20023365408643,5.45601407206632,5.12342861564867,5.445,9.41374866624009,2.09153820999822,0.0145531428022855
"146",2019-08-11 04:10:00,4.78824856557738,1.70724131684782,-4.20023365408643,5.45537679482272,5.1238257533397,5.487,9.4339884965518,2.08452010522638,0.0145791909133849
"147",2019-08-11 04:20:00,4.76059411747497,1.86076899909251,-4.20023365408643,5.45460046348293,5.12415645390766,5.518,9.45070185318296,2.07601056028312,0.0146009519860349
"148",2019-08-11 04:30:00,4.76441873708922,2.0112532963661,-4.20023365408643,5.45507625004718,5.12461905662487,5.523,9.46938085148694,2.08107445660548,0.0146315007109647
"149",2019-08-11 04:40:00,4.75685766464539,2.1591994103646,-4.20023365408643,5.45503755236559,5.12494921703875,5.526,9.47874478414855,2.08057923836931,0.0146533808579871
"150",2019-08-11 04:50:00,4.74448217908724,2.3008740088105,-4.20023365408643,5.45482100607127,5.12527915233634,5.555,9.49367564366936,2.07815173675275,0.0146753108499409
"151",2019-08-11 05:00:00,4.72619361950465,2.43491338738386,-4.20023365408643,5.45424163452445,5.12541106341627,5.581,9.49944577597165,2.0718291911412,0.0146840968338167
"152",2019-08-11 05:10:00,4.6950007003884,2.54576012757953,-4.20023365408643,5.45332719854699,5.12574068350252,5.595,9.50500804589954,2.06182952818481,0.0147060968377322
"153",2019-08-11 05:20:00,4.69830237155435,2.62617767883393,-4.20023365408643,5.45364048072831,5.1260042174402,5.621,9.52774452570152,2.06516878875616,0.0147237329586571
"154",2019-08-11 05:30:00,4.71659472874211,2.67659740348125,-4.20023365408643,5.45450956984525,5.12626760724642,5.635,9.5333360424884,2.07454470732616,0.0147414012604226
"155",2019-08-11 05:40:00,4.66733145192908,2.69544795169412,-4.20023365408643,5.4529693852082,5.12666242168065,5.639,9.53914874133847,2.05773825208705,0.0147679642063489
"156",2019-08-11 05:50:00,4.68368517609145,2.68854239294692,-4.20023365408643,5.45367243994479,5.12679395441239,5.655,9.54863467980196,2.06533607871893,0.0147768346885344
"157",2019-08-11 06:00:00,4.67441632628678,2.65642491514705,-4.20023365408643,5.45332814161711,5.12679395441239,5.67,9.55057703320566,2.06159993858363,0.0147768346885344
"158",2019-08-11 06:10:00,4.64925496229725,2.60057167783824,-4.20023365408643,5.4524882215373,5.12692545110173,5.692,9.55446382915007,2.05246092673997,0.0147857132689146
"159",2019-08-11 06:20:00,4.64128695061232,2.52357059322167,-4.20023365408643,5.45223938614191,5.12699118593005,5.714,9.56008301233198,2.04974870935202,0.0147901555986993
"160",2019-08-11 06:30:00,4.64471957328779,2.42883509603504,-4.20023365408643,5.4524624769409,5.12712262855304,5.723,9.56008301233198,2.05213681135391,0.0147990463430073
"161",2019-08-11 06:40:00,4.62758799440379,2.31898311542819,-3.8762630863074,5.45182450154472,5.12712262855304,5.765,9.56592448315545,2.04522305415014,0.0147990463430073
"162",2019-08-11 06:50:00,4.64923966168523,2.19383911439696,-3.53944451689299,5.45267845958705,5.12718833634735,5.793,9.56592448315545,2.05446343783292,0.0148034947597525
"163",2019-08-11 07:00:00,4.56730985962457,2.05676932817319,-3.19912550881205,5.44962360375382,5.12718833634735,5.848,9.55619218869875,2.02139127727906,0.0148034947597525
"164",2019-08-11 07:10:00,4.50979358213604,1.91252837296771,-2.85595401768157,5.44737969588323,5.12705691174721,5.954,9.56008301233198,1.9971961931079,0.01479459995636
"165",2019-08-11 07:20:00,4.47150101067755,1.76162713725521,-2.51058342962332,5.44594579400385,5.12705691174721,6.097,9.57155554859999,1.98174623338915,0.01479459995636
"166",2019-08-11 07:30:00,4.39321910369382,1.60685568215551,-2.16367131874946,5.44300733988066,5.12705691174721,6.26,9.56397662770812,1.95016171807612,0.01479459995636
"167",2019-08-11 07:40:00,4.27676880267082,1.45209871542349,-1.81587819365474,5.43848220372567,5.12685970726245,6.479,9.55252008287458,1.90177951696331,0.0147812729658961
"168",2019-08-11 07:50:00,4.16297717466219,1.29840464805861,-1.46786624092995,5.43408347073725,5.12672819255172,6.698,9.54302734463313,1.85499173474556,0.0147723984357213
"169",2019-08-11 08:00:00,4.06177777824057,1.1485868064033,-1.12029806369301,5.430144064855,5.12659664179936,6.884,9.55252008287458,1.813320623939,0.0147635319993101
"170",2019-08-11 08:10:00,3.96296386803999,1.00420301145449,-0.773835420566172,5.4262783003235,5.1264650550069,7.079,9.5333360424884,1.77264958463462,0.0147546736478087
"171",2019-08-11 08:20:00,3.84112335643224,0.869026115035172,-0.429137965292898,5.42146383483145,5.12626760724642,7.285,9.53161495995212,1.72232880956563,0.0147414012604226
"172",2019-08-11 08:30:00,3.74159828792822,0.743738423899883,-0.0868619907862179,5.41744490821384,5.1260042174402,7.489,9.50693478493366,1.68063913822697,0.0147237329586571
"173",2019-08-11 08:40:00,3.64731223200864,0.628039994923678,0.252340820034451,5.41369260848142,5.12587246848695,7.704,9.51271913507324,1.6419370541769,0.0147149108799869
"174",2019-08-11 08:50:00,3.56220064429766,0.522316924526816,0.587824635428753,5.41027925156939,5.12574068350252,7.84,9.49004576680509,1.60695574809778,0.0147060968377322
"175",2019-08-11 09:00:00,3.48065882122875,0.428433840169199,0.918950704348852,5.40678961331392,5.12527915233634,8.002,9.50308199514307,1.57151217149217,0.0146753108499409
"176",2019-08-11 09:10:00,3.39611959807905,0.344590302696659,1.24508857273192,5.40324661067998,5.12494921703875,8.151,9.48428569553467,1.53573808400198,0.0146533808579871
"177",2019-08-11 09:20:00,3.29490329785117,0.269720870617228,1.56561728347277,5.39905753565734,5.12468510671552,8.347,9.47682810616635,1.4937448817237,0.014635872759302
"178",2019-08-11 09:30:00,3.21655904239569,0.203079414074183,1.879926559235,5.39579753780354,5.12448692943348,8.527,9.4657673365501,1.46132992655203,0.0146227625782909
"179",2019-08-11 09:40:00,3.12428441621169,0.144527878815359,2.18741796377093,5.39187690870435,5.12415645390766,8.68,9.45070185318296,1.42269841213513,0.0146009519860349
"180",2019-08-11 09:50:00,3.03693595394786,0.0929434249680413,2.48750604219332,5.3880551737556,5.123693410108,8.89,9.44519549175699,1.38544280094555,0.0145705003196001
"181",2019-08-11 10:00:00,2.93910074999971,0.0472484923635119,2.77961943481115,5.38381035861877,5.12329616442539,9.099,9.42849929919702,1.34446602252468,0.0145444758615695
"182",2019-08-11 10:10:00,2.84687946733994,0.00718077666955934,3.06320196558636,5.37965382243998,5.12269968854277,9.307,9.40449766854132,1.30487621879638,0.0145055718612306
"183",2019-08-11 10:20:00,2.75620222504111,-0.0281768751664522,3.3377137005112,5.37549245374661,5.12203608299011,9.549,9.38060366074849,1.26575472587817,0.0144625310931895
"184",2019-08-11 10:30:00,2.66787815779161,-0.0595867323403536,3.60263197641025,5.3713950022479,5.12137157818229,9.807,9.36244075558012,1.22774570664672,0.0144196849819175
"185",2019-08-11 10:40:00,2.57594517896987,-0.0874233336982099,3.85745239531122,5.36706874059215,5.12063958463771,10.053,9.3225760862633,1.1881995142387,0.0143727778288476
"186",2019-08-11 10:50:00,2.48609106124074,-0.112130913452377,4.10168978534092,5.36275300345298,5.11983980622761,10.315,9.31534138425272,1.14939176946087,0.014321871920175
"187",2019-08-11 11:00:00,2.38897350799042,-0.134509943214244,4.33487912399291,5.35813166754164,5.11917233624826,10.512,9.27952133458462,1.10849366717762,0.0142796607253861
"188",2019-08-11 11:10:00,2.32032564822594,-0.154610500918166,4.55657642419337,5.35472756159859,5.11850396851467,10.686,9.24394395975274,1.07892617903694,0.0142376396967757
"189",2019-08-11 11:20:00,2.21785400358443,-0.172731322605506,4.76635957898262,5.34973909887306,5.1178347034205,10.89,9.2333584006406,1.03629034878879,0.0141958078073874
"190",2019-08-11 11:30:00,2.17498596967885,-0.188997985131049,4.96382916558042,5.34740398103148,5.11709747585567,11.046,9.20860698570042,1.01681885970376,0.0141500099670862
"191",2019-08-11 11:40:00,2.08089717339767,-0.20336314621631,5.14860920578823,5.34254747677972,5.1161576174662,11.222,9.17893901071104,0.976835974039638,0.0140920488867456
"192",2019-08-11 11:50:00,2.05083926549267,-0.216427929168827,5.32034788191146,5.34070525370971,5.11528331957382,11.351,9.14763903204582,0.962115572582391,0.0140385536628783
"193",2019-08-11 12:00:00,1.99770303027327,-0.227536445369761,5.47871820635635,5.33752300393578,5.11393529198057,11.564,9.10818312626208,0.936981753525391,0.0139568607436154
"194",2019-08-11 12:10:00,1.96807673837424,-0.235952866920008,5.62341864467168,5.33486158707221,5.11129635378641,11.699,8.99995398567852,0.916859427870353,0.0137996501121628
"195",2019-08-11 12:20:00,1.88746655633584,-0.244831016588792,5.75417368922269,5.33018500484458,5.10973369399865,11.91,8.95352185742032,0.881179045344775,0.0137082128592391
"196",2019-08-11 12:30:00,1.84833004205503,-0.251311624911008,5.87073438401135,5.3269603666814,5.10693640142175,12.046,8.86854307330875,0.857810392568447,0.0135475225079004
"197",2019-08-11 12:40:00,1.79928366081897,-0.25789039728431,5.97287879862769,5.32343210256351,5.10460537018895,12.183,8.78684526839762,0.832551373223457,0.0134164698046227
"198",2019-08-11 12:50:00,1.78057074262299,-0.263001690257588,6.06041245083953,5.32115862380985,5.10164264207027,12.286,8.69914642240588,0.817146203153554,0.0132535275012561
"199",2019-08-11 13:00:00,1.75358827276101,-0.268295001686642,6.13316867675797,5.31861032734477,5.09901083456459,12.312,8.61604432492514,0.799931099285163,0.0131120833068575
"200",2019-08-11 13:10:00,1.73076968831518,-0.274006833025763,6.19100894837763,5.3165132077919,5.09692412044218,12.4,8.56165798690217,0.785980754549891,0.0130020750033768
"201",2019-08-11 13:20:00,1.690983243781,-0.280572370319509,6.23382313721106,5.31390589878826,5.09573814509208,12.453,8.50787690096638,0.768416517869841,0.0129403767757101
"202",2019-08-11 13:30:00,1.70486892783229,-0.286353313028042,6.26152972396189,5.31400400897598,5.09426962523895,12.457,8.46514175309321,0.769643092814005,0.0128647927527221
"203",2019-08-11 13:40:00,1.65527272119769,-0.292979005597718,6.27407595381252,5.31133421984577,5.09419959959818,12.405,8.4754403547843,0.751570095912333,0.0128612108029908
"204",2019-08-11 13:50:00,1.6383117054395,-0.298923967655321,6.27143793685494,5.31044963818882,5.09426962523895,12.353,8.4871623108172,0.745626422225975,0.0128647927527221
"205",2019-08-11 14:00:00,1.64001768782794,-0.304742614477691,6.25362069357664,5.31066302710275,5.09454964046976,12.285,8.49908861120058,0.746944054943633,0.0128791362226173
"206",2019-08-11 14:10:00,1.64220676745103,-0.309633315021581,6.22065814531777,5.31081164661091,5.09461962243968,12.295,8.49312175340718,0.7479105235421,0.0128827260119458
"207",2019-08-11 14:20:00,1.65481386614042,-0.312195495664977,6.17261304969728,5.31103731204285,5.09356897603519,12.339,8.45190837407101,0.749818569297427,0.0128290436024575
"208",2019-08-11 14:30:00,1.6331064682459,-0.313674368383603,6.10957688110479,5.3092300640842,5.09209477461037,12.427,8.41104778343904,0.738359157072255,0.0127544765739208
"209",2019-08-11 14:40:00,1.60551937092135,-0.315368004898994,6.03166965664998,5.30733135041506,5.09118024995029,12.45,8.38937530888855,0.726259864509604,0.0127086570827501
"210",2019-08-11 14:50:00,1.57173737317644,-0.31771470177598,5.93903970751474,5.30534138383895,5.09089856220882,12.488,8.39658847498306,0.713520747685939,0.0126946109004154
"211",2019-08-11 15:00:00,1.58249243389792,-0.32014528560587,5.83186339663566,5.30587900295326,5.0907576662225,12.414,8.38800261578571,0.717024848145672,0.0126875969769623
"212",2019-08-11 15:10:00,1.57445292591728,-0.321738824060669,5.71034478290339,5.30509958420268,5.08998211766561,12.502,8.36916831579055,0.71232232066493,0.0126491293239236
"213",2019-08-11 15:20:00,1.55555390052105,-0.322952626401414,5.57471523264758,5.30370984486387,5.0892055198017,12.511,8.33070630983371,0.703784731720461,0.0126108452395678
"214",2019-08-11 15:30:00,1.54625548803792,-0.324769291634306,5.42523297913081,5.30315603430795,5.08913486801174,12.592,8.32647086924904,0.700319379188359,0.0126073739345066
"215",2019-08-11 15:40:00,1.5332863013146,-0.327075399311331,5.26218263082051,5.30272478053476,5.08984099606139,12.523,8.3534733763726,0.697342131094441,0.0126421549582977
"216",2019-08-11 15:50:00,1.54643268670672,-0.329192784000857,5.08587462977456,5.30380159398172,5.09061673550326,12.39,8.37926103313893,0.703827758868758,0.0126805891568129
"217",2019-08-11 16:00:00,1.56349357125454,-0.331551565674798,4.89664466018681,5.30515337759376,5.09153216411043,12.107,8.4081179391772,0.712076645606533,0.0127262492555134
"218",2019-08-11 16:10:00,1.63151440246751,-0.333337856550191,4.69485300951769,5.30923430309355,5.09230560998756,11.79,8.42555122508566,0.73830711867833,0.0127650872235316
"219",2019-08-11 16:20:00,1.69041587745373,-0.334795931469438,4.48088388245621,5.31275645055285,5.09314816775984,11.484,8.46061041805988,0.761565000738518,0.0128076689528199
"220",2019-08-11 16:30:00,1.76500326717407,-0.336293185630006,4.25514466941711,5.31707672883576,5.09412956522607,11.136,8.47981086398674,0.790971311127742,0.0128576304187134
"221",2019-08-11 16:40:00,1.84701651882052,-0.337230639172235,4.01806517088363,5.32154378640356,5.0948295159237,10.847,8.50488707722512,0.822474933257842,0.0128935048055598
"222",2019-08-11 16:50:00,1.9363865581276,-0.337805574935114,3.77009677908577,5.32619573978686,5.09538884726125,10.582,8.52126596682066,0.856382633552309,0.0129223175217788
"223",2019-08-11 17:00:00,1.98895298273968,-0.337874893551385,3.51171161867181,5.3289760516344,5.09594761877584,10.342,8.54514141731755,0.877059191168239,0.0129512313250627
"224",2019-08-11 17:10:00,2.02910653910919,-0.337954392323354,3.24340164738654,5.3311627196214,5.09657556698147,10.168,8.54655997787174,0.89350695422349,0.0129838807146038
"225",2019-08-11 17:20:00,2.0732788385302,-0.338095745372589,2.96567772001573,5.33345587510664,5.09706348046222,10.082,8.56913563258035,0.911056760025511,0.0130093638980007
"226",2019-08-11 17:30:00,2.14049750786973,-0.338036783972339,2.67906861545035,5.33691152731526,5.09782933339939,9.928,8.60095543893981,0.937944013738878,0.0130495673663752
"227",2019-08-11 17:40:00,2.12267388776958,-0.337895387740753,2.3841200296634,5.3364296603626,5.09859412411676,9.843,8.62072420335311,0.933845564408313,0.0130899655039379
"228",2019-08-11 17:50:00,2.15226803449581,-0.33745485395423,2.08139353693683,5.33803976320783,5.09914966770965,9.827,8.63894653934722,0.946450441418431,0.0131194688852295
"229",2019-08-11 18:00:00,2.15603221921852,-0.336384888750012,1.77146552101953,5.33824337601121,5.09921907109006,9.884,8.63280467250437,0.948052974835499,0.0131231641115313
"230",2019-08-11 18:10:00,2.11987137210756,-0.335225452121667,1.45492607698567,5.33667093016329,5.09942722845273,10.05,8.64817387044557,0.935454507015103,0.0131342595491963
"231",2019-08-11 18:20:00,2.08737661338761,-0.334136000046728,1.13237788831894,5.3353462638272,5.0998433055988,8.468,8.65741868093565,0.924837873025239,0.0131564944163025
"232",2019-08-11 18:30:00,2.0735136231495,-0.333075142986519,0.804435078787307,5.33494496256385,5.10039758210534,10.274,8.66504521273053,0.921480701451812,0.0131862324215022
"233",2019-08-11 18:40:00,2.07017458003117,-0.332142455560286,0.471722043936319,5.33519019425082,5.10129707867766,10.134,8.69603649072541,0.923080202351409,0.0132347808133394
"234",2019-08-11 18:50:00,2.135660940535,-0.330880534137821,0.134872261881133,5.3386106598356,5.10212606016799,9.841,8.73182797064902,0.94994290980927,0.0132798424513594
"235",2019-08-11 19:00:00,2.23208035807751,-0.329621959716785,-0.205472913094678,5.34341851530088,5.10302268852924,9.544,8.7475111824645,0.988664647906159,0.0133289294145259
"236",2019-08-11 19:10:00,2.3067180443003,-0.327965021733826,-0.548665471259007,5.3470765757526,5.10371138613375,9.255,8.77103695563943,1.01877914604867,0.0133668810133229
"237",2019-08-11 19:20:00,2.40211568764621,-0.325982948070573,-0.894051981367228,5.35165744363282,5.10453665530755,9.098,8.80924901370697,1.057271692769,0.0134126451406307
"238",2019-08-11 19:30:00,2.46509870022191,-0.323411567529477,-1.24097483463115,5.3547099736739,5.10522340545909,8.953,8.82668164050482,1.08333211489414,0.0134509681393714
"239",2019-08-11 19:40:00,2.48314150979788,-0.320226544941569,-1.58877349735416,5.35568093653939,5.10563503013744,8.942,8.83307012479277,1.0916299951176,0.0134740436049195
"240",2019-08-11 19:50:00,2.51919095821252,-0.317423896282151,-1.93678576759917,5.35755139753728,5.10632036175479,8.903,8.8571945347597,1.10775264561726,0.0135126394536953
"241",2019-08-11 20:00:00,2.5292950572427,-0.314238993478108,-2.28434903697821,5.3582768947343,5.10693640142175,8.876,8.87498535324384,1.11392229953846,0.0135475225079004
"242",2019-08-11 20:10:00,2.54121359853964,-0.310610231979001,-2.63080155169246,5.3589818633822,5.10734669491381,8.779,8.89283958135728,1.12000048128575,0.0135708554791501
"243",2019-08-11 20:20:00,2.59879952923882,-0.307220301087035,-2.97548367250062,5.36172248580725,5.10796153536032,8.675,8.91247644430549,1.14413357683078,0.0136059718362794
"244",2019-08-11 20:30:00,2.63400099686565,-0.303676502204557,-3.31773913107134,5.36350481921711,5.10857565562993,8.529,8.94025107303466,1.15989963082741,0.0136412290738915
"245",2019-08-11 20:40:00,2.69128933536094,-0.299680504131399,-3.65691627909437,5.36617140416305,5.10912093534006,8.339,8.95178890743167,1.18381742658555,0.0136726876592598
"246",2019-08-11 20:50:00,2.77277130278991,-0.295852874482676,-3.99236932914763,5.36988907947371,5.10980173376458,8.157,8.96837252843511,1.21758561145458,0.0137121689090956
"247",2019-08-11 21:00:00,2.86196800075861,-0.291634568417693,-4.20023365408643,5.37385614599229,5.11041369071827,7.968,8.99005152645272,1.25414493754644,0.0137478528755226
"248",2019-08-11 21:10:00,2.94724596378116,-0.287376077278948,-4.20023365408643,5.37762985846013,5.11102492567249,7.784,9.00500973428895,1.28936029080547,0.0137836804601512
"249",2019-08-11 21:20:00,3.03386479805191,-0.282294326121982,-4.20023365408643,5.38132275952553,5.11143201431844,7.606,9.02840926405459,1.3242844069793,0.0138076456470629
"250",2019-08-11 21:30:00,3.11190517516783,-0.27733254421026,-4.20023365408643,5.3847532191846,5.11204204499006,7.434,9.04524523873002,1.35699585697538,0.0138437141397305
"251",2019-08-11 21:40:00,3.19764094856556,-0.272166057792124,-4.20023365408643,5.38846831179586,5.11265135253903,7.287,9.05702421354271,1.39279278098382,0.0138799281102385
"252",2019-08-11 21:50:00,3.26616682100539,-0.266365378520275,-4.20023365408643,5.3914154031825,5.11312475821607,7.155,9.07237752692995,1.42144454084186,0.0139081955599192
"253",2019-08-11 22:00:00,3.33835131631809,-0.260546540601874,-4.20023365408643,5.39464126773242,5.1138677966714,7.034,9.10302441101984,1.45298542302066,0.0139527953071368
"254",2019-08-11 22:10:00,3.39626095241561,-0.254273667692917,-4.20023365408643,5.39719163453497,5.11440750872714,6.927,9.12010761819911,1.4781114929279,0.0139853699047601
"255",2019-08-11 22:20:00,3.47379293916153,-0.247657427134136,-4.20023365408643,5.40053206179932,5.11501400040711,6.843,9.14763903204582,1.51127566352179,0.0140221563569925
"256",2019-08-11 22:30:00,3.53891973937764,-0.240275561807838,-4.20023365408643,5.40326958543772,5.11541792544462,6.72,9.15644809545061,1.53866380666359,0.0140467633697548
"257",2019-08-11 22:40:00,3.60813670051268,-0.232231767522031,-4.20023365408643,5.40619438766327,5.11588876393618,6.62,9.16507146133898,1.56808943526291,0.0140755555127017
"258",2019-08-11 22:50:00,3.68393243760993,-0.223804359022826,-4.20023365408643,5.40936199349983,5.11635916355075,6.49,9.18417409416678,1.60016514276317,0.0141044384012445
"259",2019-08-11 23:00:00,3.76953449725721,-0.214780598199752,-4.20023365408643,5.41285231329722,5.11676201379023,6.442,9.19466011657611,1.63576663427923,0.014129267649181
"260",2019-08-11 23:10:00,3.82869953154832,-0.204687474243572,-4.20023365408643,5.41525146347702,5.11703040137044,6.389,9.21225145272622,1.66037229680103,0.014145857767482
"261",2019-08-11 23:20:00,3.88052021888718,-0.193782141492325,-4.20023365408643,5.41736843459703,5.11729864552072,6.308,9.21225145272622,1.68216169229244,0.0141624777901246
"262",2019-08-11 23:30:00,3.92872509527585,-0.182587277732942,-4.20023365408643,5.419510459164,5.1178347034205,6.254,9.23864850016469,1.70421906789407,0.0141958078073874
"263",2019-08-11 23:40:00,3.95645387185424,-0.169950492029574,-4.20023365408643,5.42071773058733,5.11810251711555,6.173,9.24211030900357,1.71669509572362,0.0142125179318921
"264",2019-08-11 23:50:00,4.00598622153431,-0.156149845307933,-4.20023365408643,5.4227425270225,5.11837018727179,6.123,9.2492447869476,1.73772219955514,0.0142292582205089
"265",2019-08-12,4.03851781623389,-0.141031305819326,-4.20023365408643,5.42408653854215,5.11857084567588,6.088,9.26170245548378,1.75171069944418,0.0142418332714777
"266",2019-08-12 00:10:00,4.09398269548271,-0.124930340509629,-4.20023365408643,5.42641342574821,5.11897192017479,6.053,9.27418980908952,1.77598379848216,0.014267034496206
"267",2019-08-12 00:20:00,4.12989486233272,-0.107004550813827,-4.20023365408643,5.42792402526801,5.11923912365149,5.995,9.27582970182497,1.79178564198756,0.014283873270386
"268",2019-08-12 00:30:00,4.17222153842578,-0.0873298592673333,-4.20023365408643,5.42971599576566,5.11957292599088,6,9.29369667374829,1.81057207306352,0.0143049645563229
"269",2019-08-12 00:40:00,4.18431636873052,-0.0653560978795847,-4.20023365408643,5.43025257311967,5.11970638407041,5.967,9.30461098088344,1.8161983968464,0.0143134144184108
"270",2019-08-12 00:50:00,4.21671864306579,-0.0410707743763733,-4.20023365408643,5.43158822852654,5.1199065038344,5.964,9.31534138425272,1.83025542108277,0.0143261035385252
"271",2019-08-12 01:00:00,4.24044219052144,-0.0143783242098906,-4.20023365408643,5.43268779234337,5.12023985713569,5.926,9.32071478660006,1.84180529010172,0.0143472903464609
"272",2019-08-12 01:10:00,4.26029546445759,0.0154598535166948,-4.20023365408643,5.43360052358501,5.1205063780758,5.914,9.3333431291377,1.85140875640172,0.0143642743146011
"273",2019-08-12 01:20:00,4.25970014597334,0.0491230674132913,-4.20023365408643,5.43366587276608,5.12063958463771,5.912,9.32795686381027,1.85206848249101,0.0143727778288476
"274",2019-08-12 01:30:00,4.27381581016948,0.0868427151079682,-4.20023365408643,5.43432223635852,5.12083932708752,5.902,9.34247087083163,1.85898074260263,0.0143855475364234
"275",2019-08-12 01:40:00,4.29287912364425,0.129090014678863,-4.20023365408643,5.4352068715323,5.12110552453907,5.884,9.34060255053881,1.86830755092776,0.0144026008047045
"276",2019-08-12 01:50:00,4.28988610900262,0.176895479227581,-4.20023365408643,5.43522777469942,5.12130507825469,5.884,9.34974283843915,1.86848044154533,0.0144154110362277
"277",2019-08-12 02:00:00,4.29059273999782,0.231004474258212,-4.20023365408643,5.43538636876634,5.1215045510691,5.904,9.35140640604647,1.87011641514965,0.0144282386823784
"278",2019-08-12 02:10:00,4.27923677159101,0.292615318484574,-4.20023365408643,5.43505173858325,5.12163748799587,5.908,9.36056537803263,1.8665284558417,0.0144368001352995
"279",2019-08-12 02:20:00,4.30784668121558,0.362437895697,-4.20023365408643,5.43616101569385,5.12170394297342,5.886,9.36056537803263,1.87830332954866,0.0144410837715669
"280",2019-08-12 02:30:00,4.31688648394245,0.441103126682334,-4.20023365408643,5.4365416220782,5.12177038896,5.9,9.37516915292113,1.88233660641251,0.0144453693491119
"281",2019-08-12 02:40:00,4.31313735555478,0.530023386379205,-4.20023365408643,5.43649082260661,5.12190325395893,5.895,9.37161882524408,1.88176344061564,0.0144539463322577
"282",2019-08-12 02:50:00,4.33392001788986,0.629216060471097,-4.20023365408643,5.43744194657963,5.12216887605103,5.91,9.37704969959155,1.89182636598683,0.0144711236403705
"283",2019-08-12 03:00:00,4.30304771602144,0.73943082064813,-4.20023365408643,5.43638116724367,5.1223016331392,5.887,9.37161882524408,1.88049894441697,0.014479723982275
"284",2019-08-12 03:10:00,4.28314033154678,0.861127231250059,-4.20023365408643,5.43563880602867,5.1223016331392,5.876,9.37893091228841,1.87260336385815,0.014479723982275
"285",2019-08-12 03:20:00,4.29871707652474,0.992638991491194,-4.20023365408643,5.43635279744185,5.12250070131718,5.882,9.39169893414278,1.88014828547574,0.0144926391288015
"286",2019-08-12 03:30:00,4.3151011827806,1.13345425839242,-4.20023365408643,5.43714172688598,5.12276599962715,5.867,9.39358533816039,1.88848233742912,0.0145098866849839
"287",2019-08-12 03:40:00,4.32392088338769,1.28146014775394,-4.20023365408643,5.43751521376307,5.12283230171563,5.873,9.39903870825118,1.89244526141064,0.0145142034669845
"288",2019-08-12 03:50:00,4.33370176356624,1.43487172911752,-4.20023365408643,5.43792452740465,5.12289859480792,5.868,9.39903870825118,1.89679205863773,0.0145185222082986
"289",2019-08-12 04:00:00,4.3289914027528,1.5926447278097,-4.20023365408643,5.4377042663127,5.12283230171563,5.872,9.40449766854132,1.89446012437266,0.0145142034669845
"290",2019-08-12 04:10:00,4.34007072067607,1.75030334300816,-4.20023365408643,5.43816191927365,5.12289859480792,5.877,9.41374866624009,1.89932347952524,0.0145185222082986
"291",2019-08-12 04:20:00,4.3642283693721,1.90489237786614,-4.20023365408643,5.4391964372892,5.12309742010471,5.866,9.42111888868224,1.91031550789185,0.0145314901987964
"292",2019-08-12 04:30:00,4.37164112292683,2.05872612483003,-4.20023365408643,5.4395624636553,5.12322992531632,5.84,9.41185511055584,1.9141930452298,0.0145401453419428
"293",2019-08-12 04:40:00,4.36110414304161,2.20744214462227,-4.20023365408643,5.43916989702594,5.12322992531632,5.863,9.42470238583639,1.9100000222332,0.0145401453419428
"294",2019-08-12 04:50:00,4.36648837875504,2.34975217242214,-4.20023365408643,5.43946047576904,5.12336239453626,5.891,9.43779201400384,1.91307149296242,0.0145488083479932
"295",2019-08-12 05:00:00,4.36769964487745,2.48619711710631,-4.20023365408643,5.43955062568043,5.12342861564867,5.865,9.4339884965518,1.91401856165239,0.0145531428022855
"296",2019-08-12 05:10:00,4.3711299443459,2.60089941964531,-4.20023365408643,5.43972352013329,5.12349482776231,5.887,9.43779201400384,1.91584990802006,0.0145574792255188
"297",2019-08-12 05:20:00,4.38538500412295,2.68346317998135,-4.20023365408643,5.44029985276428,5.12356103087694,5.867,9.4339884965518,1.9219947403251,0.0145618176187665
"298",2019-08-12 05:30:00,4.39086891653879,2.73318468419208,-4.20023365408643,5.44059456235443,5.123693410108,5.892,9.43588991716495,1.92511489216251,0.0145705003196001
"299",2019-08-12 05:40:00,4.37084152348469,2.75513096949624,-4.20023365408643,5.43984797974801,5.123693410108,5.867,9.43229891232419,1.91713205594405,0.0145705003196001
"300",2019-08-12 05:50:00,4.36278997019605,2.74827670638678,-4.20023365408643,5.43954764496763,5.123693410108,5.878,9.44519549175699,1.9139227400319,0.0145705003196001
"301",2019-08-12 06:00:00,4.37475458707646,2.71633641499691,-4.20023365408643,5.4400841640963,5.1238257533397,5.9,9.44900698512066,1.91962478819146,0.0145791909133849
"302",2019-08-12 06:10:00,4.38574290420726,2.65839049383915,-4.20023365408643,5.44062965548144,5.12402420068373,5.889,9.44900698512066,1.92541075757149,0.0145922416221818
"303",2019-08-12 06:20:00,4.38703301962886,2.57917063117914,-4.20023365408643,5.44076833990242,5.12415645390766,5.873,9.45451726766187,1.92686275341628,0.0146009519860349
"304",2019-08-12 06:30:00,4.37913210133758,2.48202010142977,-4.20023365408643,5.44042823721553,5.12409033179641,5.901,9.45451726766187,1.92324032063497,0.0145965958142568
"305",2019-08-12 06:40:00,4.3534728992563,2.36866571626837,-3.92121046213031,5.4395151355331,5.12415645390766,5.924,9.45451726766187,1.9134635574598,0.0146009519860349
"306",2019-08-12 06:50:00,4.33948088412655,2.24000096011102,-3.5838346194615,5.43903707238234,5.12422256701722,5.952,9.45260922085541,1.90834144678208,0.0146053101385957
"307",2019-08-12 07:00:00,4.34283750659433,2.10131659957848,-3.24296347614261,5.43925265924775,5.12435476623026,5.997,9.4657673365501,1.91061177710418,0.0146140323903893
"308",2019-08-12 07:10:00,4.33349474791866,1.95339245975797,-2.89924604775272,5.43890309143379,5.12435476623026,5.998,9.45812321019488,1.90687893005631,0.0146140323903893
"309",2019-08-12 07:20:00,4.33922970867043,1.79982942709602,-2.55333676960728,5.43907267619597,5.12428867112484,6.041,9.4657673365501,1.90870562969467,0.0146096702730201
"310",2019-08-12 07:30:00,4.29548388072248,1.64048487110808,-2.20589425044664,5.43743461474752,5.12428867112484,6.099,9.45812321019488,1.89123138506331,0.0146096702730201
"311",2019-08-12 07:40:00,4.27289811479572,1.48240111635843,-1.85758001804326,5.43654302907112,5.12422256701722,6.152,9.45451726766187,1.88175132375001,0.0146053101385957
"312",2019-08-12 07:50:00,4.23505776500319,1.32651050589237,-1.5090572603358,5.43512213489378,5.12422256701722,6.238,9.46194391185304,1.86663961291743,0.0146053101385957
"313",2019-08-12 08:00:00,4.19950543636091,1.17369121998679,-1.16098956273605,5.43378479009794,5.12422256701722,6.349,9.45451726766187,1.85244163343752,0.0146053101385957
"314",2019-08-12 08:10:00,4.16092046430055,1.02705255584539,-0.814039643831068,5.43233071358189,5.12422256701722,6.441,9.45812321019488,1.83703255441325,0.0146053101385957
"315",2019-08-12 08:20:00,4.10335747231161,0.889442663969865,-0.468868094675517,5.43006929769703,5.12409033179641,6.522,9.45260922085541,1.81316086104922,0.0145965958142568
"316",2019-08-12 08:30:00,4.07172550738103,0.761820783259611,-0.126132119929373,5.42874238907392,5.12389191145511,6.622,9.44900698512066,1.79921930511299,0.014583539172824
"317",2019-08-12 08:40:00,3.98212951555188,0.644206011139301,0.213515712497118,5.42529908947863,5.1238257533397,6.775,9.44519549175699,1.76305168432278,0.0145791909133849
"318",2019-08-12 08:50:00,3.91205221313713,0.537278300660407,0.549428714478256,5.42262775440905,5.1238257533397,6.935,9.43229891232419,1.73510588680349,0.0145791909133849
"319",2019-08-12 09:00:00,3.80083184889853,0.441673671538825,0.880967308833854,5.41819950281168,5.12356103087694,7.201,9.43779201400384,1.68910490628892,0.0145618176187665
"320",2019-08-12 09:10:00,3.70273475137124,0.356111317000545,1.20750024720507,5.41433595377113,5.12342861564867,7.416,9.41922271633556,1.64921792569312,0.0145531428022855
"321",2019-08-12 09:20:00,3.58561488658531,0.279670571891446,1.52840581143505,5.40966895186437,5.12322992531632,7.623,9.41374866624009,1.60140644785459,0.0145401453419428
"322",2019-08-12 09:30:00,3.50173881859164,0.21225376238048,1.84307299810487,5.40627199172053,5.12303115400275,7.769,9.40828022762367,1.56688212261863,0.0145271655731366
"323",2019-08-12 09:40:00,3.44737551575075,0.15254772987631,2.15090268147995,5.40405851035525,5.12289859480792,7.896,9.41374866624009,1.54451071364321,0.0145185222082986
"324",2019-08-12 09:50:00,3.33723718101702,0.0993321162272473,2.45130875401079,5.39970510323591,5.12289859480792,8.044,9.40996222692444,1.50073486835928,0.0145185222082986
"325",2019-08-12 10:00:00,3.29651936956543,0.0525605483482732,2.74371924254301,5.39797057468341,5.12269968854277,8.179,9.39903870825118,1.48346411564059,0.0145055718612306
"326",2019-08-12 10:10:00,3.19526898470869,0.0113544773945217,3.0275773976916,5.3937681086308,5.12243435425217,8.321,9.38792813146273,1.4418403132408,0.0144883321273877
"327",2019-08-12 10:20:00,3.11553908225907,-0.0252715194028141,3.30234275319963,5.39044016424261,5.12223525909186,8.46,9.38792813146273,1.40917022549561,0.0144754228364523
"328",2019-08-12 10:30:00,3.05246067719509,-0.0580763820343078,3.56749215534953,5.38784130885266,5.12216887605103,8.578,9.3732892719521,1.38382012984704,0.0144711236403705
"329",2019-08-12 10:40:00,2.99179511329332,-0.0873838413092877,3.82252075935791,5.38532488285244,5.12210248401701,8.736,9.3732892719521,1.35943829738035,0.0144668263929695
"330",2019-08-12 10:50:00,2.92540797047944,-0.113574901137783,4.06694298996974,5.38255601877316,5.12203608299011,8.797,9.36598494595157,1.33280085747521,0.0144625310931895
"331",2019-08-12 11:00:00,2.8992534336735,-0.136660914760312,4.30029346633048,5.38132992145109,5.12177038896,8.877,9.37516915292113,1.32114464507127,0.0144453693491119
"332",2019-08-12 11:10:00,2.84978450704659,-0.157385378048799,4.52212788834157,5.37916760132849,5.12157102402765,8.935,9.37161882524408,1.30060727598913,0.0144325184392547
"333",2019-08-12 11:20:00,2.80395919447494,-0.176065614279286,4.73202388205496,5.3771822575298,5.12143806912054,9.011,9.35702480737359,1.28185245532563,0.0144239608636169
"334",2019-08-12 11:30:00,2.75826271653713,-0.192951545016307,4.92958180425209,5.37515678363658,5.12123856933806,9.16,9.35869066366418,1.26285735785605,0.0144111390254962
"335",2019-08-12 11:40:00,2.70104065952458,-0.208069942009169,5.11442550321175,5.37259730803077,5.12097244378799,9.322,9.34600172143453,1.23903521647778,0.014394070311143
"336",2019-08-12 11:50:00,2.65170638050201,-0.22137727769652,5.28620303519197,5.37028865152214,5.1205729858494,9.438,9.32443804256027,1.2177728586299,0.0143685251100071
"337",2019-08-12 12:00:00,2.59280487636125,-0.233730715972493,5.44458733404358,5.36762471012974,5.12030650084687,9.566,9.31885414325045,1.19338700295213,0.014351533458558
"338",2019-08-12 12:10:00,2.55339868989346,-0.245100828415332,5.58927683449424,5.36581998057063,5.12010654276317,9.666,9.30461098088344,1.17700467651548,0.0143388098758957
"339",2019-08-12 12:20:00,2.50719660773496,-0.255404203272682,5.71999604583319,5.3637093177275,5.1199065038344,9.776,9.30090169674892,1.15797275880602,0.0143261035385252
"340",2019-08-12 12:30:00,2.46416638807878,-0.264725389545317,5.83649607691687,5.36172394447064,5.11970638407041,9.871,9.29740088203152,1.14021400256553,0.0143134144184108
"341",2019-08-12 12:40:00,2.44330077404167,-0.273216757879481,5.93855510964801,5.36070480550694,5.11950618348117,9.942,9.29369667374829,1.13118421962026,0.01430074248757
"342",2019-08-12 12:50:00,2.41158338775439,-0.281105677805325,6.02597882166582,5.359169007609,5.11923912365149,9.964,9.28835075195024,1.11763527667467,0.014283873270386
"343",2019-08-12 13:00:00,2.37269273733126,-0.288197515522743,6.09860075615509,5.35727329382867,5.11890509686367,10.086,9.27050192305253,1.10103072800256,0.0142628295516552
"344",2019-08-12 13:10:00,2.31700888948747,-0.294290095846446,6.15628263883605,5.35454518525794,5.11843708237984,10.262,9.24740927732639,1.07736504143579,0.0142334480134605
"345",2019-08-12 13:20:00,2.25978511055839,-0.299378933119529,6.19891464125053,5.35149407297356,5.11749973449077,10.475,9.22279425167001,1.0513766190944,0.0141749624707442
"346",2019-08-12 13:30:00,2.20967235508176,-0.303751416734757,6.22641558987526,5.34868129179814,5.11642632765974,10.744,9.17893901071104,1.027817362092,0.0141085719559859
"347",2019-08-12 13:40:00,2.13370626338007,-0.308314149053655,6.23873312072459,5.34487085554026,5.11582152816081,10.991,9.16166050732269,0.99611840910197,0.0140714368015605
"348",2019-08-12 13:50:00,2.07099694575272,-0.312453864583849,6.23584377899987,5.34163155579322,5.11521600320956,11.189,9.14423954448226,0.969679449583946,0.0140344515744126
"349",2019-08-12 14:00:00,2.0247684500946,-0.316684742615481,6.21775306380616,5.33920486442212,5.1147445380328,11.255,9.12707633539005,0.950174549488737,0.0140057884753728
"350",2019-08-12 14:10:00,1.9839221637689,-0.320246869581231,6.18449541766655,5.33688819566059,5.11400277834728,11.371,9.10123990638877,0.931900599416853,0.013960928003337
"351",2019-08-12 14:20:00,1.9277768814878,-0.323718417938671,6.13613416096069,5.33392708113089,5.11353018600661,11.55,9.08599774803791,0.908722338255164,0.0139324954390929
"352",2019-08-12 14:30:00,1.88389321372336,-0.32696261182649,6.07276137137323,5.33156669395885,5.11312475821607,11.67,9.0654825260624,0.890543381661222,0.0139081955599192
"353",2019-08-12 14:40:00,1.85660397082775,-0.329851900699263,5.99449770862153,5.33001427691043,5.11271900872304,11.734,9.07060364036156,0.878779128137847,0.0138839608954212
"354",2019-08-12 14:50:00,1.83323304541311,-0.332760804738971,5.90149218463745,5.32874284876075,5.11251601337432,11.69,9.04857986058092,0.869181194749664,0.0138718679530564
"355",2019-08-12 15:00:00,1.81765850819878,-0.334943908128975,5.79392187993851,5.32767304371484,5.11190654509631,11.704,9.02665056640448,0.861326262612867,0.0138356863717086
"356",2019-08-12 15:10:00,1.7787665816744,-0.336690518187066,5.67199160645284,5.3253428263099,5.11116065756956,11.835,8.99820508974375,0.844193170546322,0.0137916617190765
"357",2019-08-12 15:20:00,1.74106702391525,-0.337842389532656,5.53593351756457,5.32295749277553,5.11020978526768,12.031,8.97165712795504,0.826997491028776,0.0137359422966331
"358",2019-08-12 15:30:00,1.70016216149973,-0.33933339840806,5.38600666616778,5.32056384788455,5.10966564532519,12.192,8.9452475655264,0.809870503841689,0.0137042585729782
"359",2019-08-12 15:40:00,1.66135356121009,-0.340498730459516,5.22249651126049,5.31825116713533,5.10912093534006,12.276,8.92873955255272,0.793599894679219,0.0136726876592598
"360",2019-08-12 15:50:00,1.63957238744862,-0.341788665491208,5.0457143746051,5.3169551904478,5.10884836668052,12.199,8.92720666675971,0.784587004468101,0.0136569443555373
"361",2019-08-12 16:00:00,1.61969834268922,-0.343191004356017,4.85599684800332,5.31584565664356,5.10878020226545,12.2,8.9354514131669,0.77687592372549,0.0136530129103955
"362",2019-08-12 16:10:00,1.62737832336404,-0.344745846075183,4.65370515213115,5.31629430046843,5.10884836668052,12.127,8.93219025078559,0.779971221754675,0.0136569443555373
"363",2019-08-12 16:20:00,1.62845791290238,-0.345567187333104,4.43922444940677,5.31626059450444,5.10864384673952,12.081,8.93219025078559,0.779813155422357,0.0136451552705075
"364",2019-08-12 16:30:00,1.6212193386891,-0.345943787756144,4.21296310975084,5.31577464119124,5.1084392467207,12.009,8.91897538613331,0.776510880496904,0.0136333819226467
"365",2019-08-12 16:40:00,1.6135028434965,-0.346307269408863,3.97535193398539,5.31526148677348,5.10823456664133,12.041,8.91744546826358,0.773032507146383,0.0136216242867563
"366",2019-08-12 16:50:00,1.59536799629935,-0.346256803915264,3.72684333289722,5.31411350284575,5.10789325531073,12.103,8.90751232313709,0.765255656222327,0.013602063074136
"367",2019-08-12 17:00:00,1.58671830469041,-0.345740352427242,3.46791046620993,5.3134522857982,5.10748338833717,12.07,8.88637432904832,0.760887091495131,0.0135786469738324
"368",2019-08-12 17:10:00,1.58367876506076,-0.345480967472083,3.19904634170987,5.31325360454382,5.1074150460684,12.086,8.8945523666887,0.759558174564997,0.0135747503605648
"369",2019-08-12 17:20:00,1.59661568356304,-0.34559415603163,2.92076287625192,5.31402845614575,5.10755172171947,11.953,8.89283958135728,0.764801176493392,0.0135825453198769
"370",2019-08-12 17:30:00,1.61282547082151,-0.345305622375083,2.63358992138154,5.31491704457365,5.10755172171947,11.866,8.89283958135728,0.770910294013012,0.0135825453198769
"371",2019-08-12 17:40:00,1.64347336706226,-0.344981008339854,2.3380742545156,5.31664295864937,5.10768836182201,11.714,8.89283958135728,0.782838810338902,0.013590347213996
"372",2019-08-12 17:50:00,1.66894318951159,-0.344475906988949,2.0347785375379,5.31813419098171,5.10796153536032,11.598,8.90751232313709,0.793207923214425,0.0136059718362794
"373",2019-08-12 18:00:00,1.70159608021677,-0.343027492480111,1.72428024583282,5.31983843073814,5.10789325531073,11.494,8.91572486625371,0.80533668784223,0.013602063074136
"374",2019-08-12 18:10:00,1.74556995786581,-0.342029802326657,1.40717056879162,5.32220417269093,5.10802980651882,11.351,8.91247644430549,0.822324938824962,0.0136098823376843
"375",2019-08-12 18:20:00,1.78103003278584,-0.340754031291212,1.08405328393696,5.32415991265096,5.108302802229,11.242,8.92548272736172,0.836516635092004,0.0136255417544989
"376",2019-08-12 18:30:00,1.84235865309412,-0.33886743566321,0.75554360719679,5.32734010613165,5.1084392467207,11.1,8.92222800586259,0.860102673721026,0.0136333819226467
"377",2019-08-12 18:40:00,1.89045540024574,-0.336971624523075,0.422267022303786,5.3298053714462,5.10857565562993,10.904,8.93372465277271,0.878706332658587,0.0136412290738915
"378",2019-08-12 18:50:00,1.95547013475735,-0.335216203430413,0.0848580891113638,5.33306136767203,5.10871202895157,10.745,8.94198006860678,0.903728018246746,0.0136490832156973
"379",2019-08-12 19:00:00,1.97741915597374,-0.332825715591624,-0.256040764494677,5.33415733657275,5.10878020226545,10.66,8.9354514131669,0.912251771861507,0.0136530129103955
"380",2019-08-12 19:10:00,1.98614014500024,-0.330008568700345,-0.599780465378886,5.33457859939809,5.10878020226545,10.602,8.93219025078559,0.915552142547817,0.0136530129103955
"381",2019-08-12 19:20:00,1.99296355033594,-0.327214780683177,-0.945706531661534,5.33500120781826,5.1089846688117,10.541,8.9469782731122,0.918796795979785,0.0136648125008941
"382",2019-08-12 19:30:00,2.01460174293567,-0.324844673972114,-1.29316031777097,5.33629073659526,5.10952952125811,10.451,8.96180971468091,0.928776502180596,0.0136963552874701
"383",2019-08-12 19:40:00,2.05967406370133,-0.3217035379222,-1.64148026986861,5.33859386312915,5.10986976462235,10.329,8.97668475571867,0.947015262726083,0.0137161267234912
"384",2019-08-12 19:50:00,2.11031120366257,-0.318589948068579,-1.9900031845014,5.34116536070264,5.1102777626638,10.166,8.98656114616834,0.967644691206647,0.0137399107181175
"385",2019-08-12 20:00:00,2.15700323258905,-0.315596143957055,-2.33806547146987,5.34355854882381,5.11075335485633,9.99,9.00831813582238,0.987065620508172,0.0137677393142209
"386",2019-08-12 20:10:00,2.2027733887322,-0.31253337228166,-2.68500441773465,5.34595181356787,5.11136418851332,9.798,9.0166960595293,1.00668160248513,0.0138036469864076
"387",2019-08-12 20:20:00,2.25698051431436,-0.308920281729487,-3.03015944866428,5.3486444430092,5.11183878175966,9.625,9.0385825175712,1.02910959498443,0.0138316751793174
"388",2019-08-12 20:30:00,2.32492552271919,-0.305006086521452,-3.37287338620087,5.35195817322102,5.11238063848431,9.445,9.05545211512917,1.05712596241073,0.0138638150069952
"389",2019-08-12 20:40:00,2.410366428632,-0.301311567878016,-3.71249370025201,5.35603771282379,5.11298954412409,9.263,9.07572987733198,1.09222353703925,0.0139001101027257
"390",2019-08-12 20:50:00,2.46183614300207,-0.297266826933444,-4.04837375018294,5.35858714651816,5.11359772602036,9.057,9.09450402788743,1.11439761919806,0.0139365517740519
"391",2019-08-12 21:00:00,2.53282689868979,-0.292486223668469,-4.20023365408643,5.36186261535384,5.11400277834728,8.851,9.10639683182762,1.1433607301082,0.013960928003337
"392",2019-08-12 21:10:00,2.61801295518911,-0.287987147796564,-4.20023365408643,5.36584471712363,5.11467715006671,8.639,9.12867050798242,1.17901747191498,0.0140017010950847
"393",2019-08-12 21:20:00,2.68717935088709,-0.283370650019616,-4.20023365408643,5.36918082394617,5.11548521495019,8.455,9.15805135567095,1.20922229516052,0.0140508709901534
"394",2019-08-12 21:30:00,2.78184637924138,-0.278248207203381,-4.20023365408643,5.37349013535348,5.1161576174662,8.249,9.17370920253141,1.24889166840948,0.0140920488867456
"395",2019-08-12 21:40:00,2.87751968429091,-0.272740685615558,-4.20023365408643,5.37776463555018,5.11676201379023,8.056,9.19809283256727,1.28882434834539,0.014129267649181
"396",2019-08-12 21:50:00,2.96151262688289,-0.267067239261568,-4.20023365408643,5.38159619876615,5.11749973449077,7.894,9.2333584006406,1.32501202179509,0.0141749624707442
"397",2019-08-12 22:00:00,3.04326830661798,-0.261428636500847,-4.20023365408643,5.38534999775198,5.11830328319093,7.729,9.25271361819404,1.36083861609059,0.0142250703168981
"398",2019-08-12 22:10:00,3.11869696599368,-0.254778984652271,-4.20023365408643,5.38872096349886,5.11890509686367,7.559,9.26170245548378,1.39336892716646,0.0142628295516552
"399",2019-08-12 22:20:00,3.19158009813043,-0.24765741844941,-4.20023365408643,5.39197450603578,5.11950618348117,7.438,9.29369667374829,1.4250353602706,0.01430074248757
"400",2019-08-12 22:30:00,3.25943259495835,-0.239867422340827,-4.20023365408643,5.39493999319373,5.1199731924595,7.299,9.30461098088344,1.45414817224717,0.0143303370699036
"401",2019-08-12 22:40:00,3.33969598938154,-0.232004367652188,-4.20023365408643,5.39849906204688,5.12063958463771,7.192,9.33147803116736,1.48933030372181,0.0143727778288476
"402",2019-08-12 22:50:00,3.39663322916845,-0.223554149396474,-4.20023365408643,5.40116705015684,5.12137157818229,7.081,9.35702480737359,1.51582572463052,0.0144196849819175
"403",2019-08-12 23:00:00,3.42940011697806,-0.214333891010444,-4.20023365408643,5.40280519077548,5.12196967297064,6.991,9.38060366074849,1.53212976711796,0.0144582377399717
"404",2019-08-12 23:10:00,3.51141052490262,-0.204037894056843,-4.20023365408643,5.40625600863441,5.12236799819274,6.896,9.39903870825118,1.56690474493088,0.0144840270788996
"405",2019-08-12 23:20:00,3.56647742390117,-0.193338224255737,-4.20023365408643,5.40880305846136,5.12303115400275,6.804,9.41732721731989,1.59262548989922,0.0145271655731366
"406",2019-08-12 23:30:00,3.63253792109599,-0.181891781322546,-4.20023365408643,5.41181705813573,5.12375958622391,6.73,9.44519549175699,1.62324341516327,0.0145748446293358
"407",2019-08-12 23:40:00,3.68292069517132,-0.169386473354572,-4.20023365408643,5.41418031405544,5.12442085233322,6.641,9.45451726766187,1.64734816949969,0.0146183964917853
"408",2019-08-12 23:50:00,3.73601622746429,-0.155564954768369,-4.20023365408643,5.41656686258271,5.12494921703875,6.61,9.49004576680509,1.67183310219099,0.0146533808579871
"409",2019-08-13,3.7692281484918,-0.140296463060336,-4.20023365408643,5.41814199303888,5.12541106341627,6.547,9.50693478493366,1.68801941024934,0.0146840968338167
"410",2019-08-13 00:10:00,3.82695795456646,-0.123524568323887,-4.20023365408643,5.4206647761717,5.12587246848695,6.502,9.52215878628575,1.71410789668045,0.0147149108799869
"411",2019-08-13 00:20:00,3.87504731258778,-0.104985331518714,-4.20023365408643,5.42277179972908,5.12626760724642,6.442,9.52967939652779,1.73597695049956,0.0147414012604226
"412",2019-08-13 00:30:00,3.90719699180771,-0.0847429576247922,-4.20023365408643,5.4243072313574,5.12672819255172,6.398,9.54475206042585,1.75191506798588,0.0147723984357213
"413",2019-08-13 00:40:00,3.94138517796608,-0.0623405756269483,-4.20023365408643,5.42592229517006,5.12718833634735,6.353,9.56008301233198,1.76872764273119,0.0148034947597525
"414",2019-08-13 00:50:00,3.98785507914664,-0.0374648007069974,-4.20023365408643,5.42801042895594,5.12764803857046,6.339,9.57740937652184,1.79056076784095,0.0148346906132093
"415",2019-08-13 01:00:00,4.00271782735014,-0.00936631779935494,-4.20023365408643,5.42875496513493,5.12791052727531,6.332,9.59849190753542,1.79833700283594,0.0148525616489559
"416",2019-08-13 01:10:00,4.01438584257965,0.0218782850822757,-4.20023365408643,5.42946465048753,5.1283039899236,6.32,9.61004578351226,1.80572127299542,0.0148794295296978
"417",2019-08-13 01:20:00,4.03082546302047,0.0567531292022784,-4.20023365408643,5.43040267514874,5.12876261952075,6.334,9.63717336729489,1.81550906445814,0.0149108686928808
"418",2019-08-13 01:30:00,4.0184077536301,0.0958755757716524,-4.20023365408643,5.43027594526796,5.1292862267038,6.34,9.64507437606725,1.81403929363103,0.0149469226746094
"419",2019-08-13 01:40:00,4.02166823098508,0.140221044665123,-4.20023365408643,5.43070915215641,5.129743909628,6.344,9.66267304582182,1.81850223119554,0.014978578415434
"420",2019-08-13 01:50:00,4.04783798560784,0.190471764259554,-4.20023365408643,5.43207110759229,5.13026643479076,6.363,9.68032829288696,1.83278116874078,0.0150148809361495
"421",2019-08-13 02:00:00,4.00991480992104,0.247531800692352,-4.20023365408643,5.43091614941274,5.13072317086276,6.379,9.70003654005786,1.82044612540519,0.0150467550467593
"422",2019-08-13 02:10:00,4.00141309429828,0.312604859200521,-4.20023365408643,5.43076360130771,5.13098396449537,6.414,9.70380906506005,1.81876822373047,0.0150650148301165
"423",2019-08-13 02:20:00,3.99844657359591,0.386480464940762,-4.20023365408643,5.43091349498316,5.13137488437408,6.403,9.72761312328376,1.82025556036317,0.0150924674363819
"424",2019-08-13 02:30:00,3.97301996455065,0.469979934201149,-4.20023365408643,5.43010322679139,5.13163531724006,6.424,9.74167666158158,1.81162711753942,0.0151108112359924
"425",2019-08-13 02:40:00,3.97079185087543,0.563957851517138,-4.20023365408643,5.43023698896877,5.13196065538111,6.399,9.73966539718452,1.81295884995208,0.0151337884358796
"426",2019-08-13 02:50:00,3.96018877946112,0.668670296124278,-4.20023365408643,5.43008896369367,5.13235076349471,6.424,9.76160519863912,1.81129755570844,0.0151614308616876
"427",2019-08-13 03:00:00,3.97413307618173,0.784382020367971,-4.20023365408643,5.43094154948592,5.13280547921244,6.479,9.77170871285351,1.82019581494688,0.0151937768973741
"428",2019-08-13 03:10:00,3.96834320878015,0.910678878468625,-4.20023365408643,5.43093732004579,5.13313000554527,6.48,9.78971594602548,1.8200702802554,0.0152169450716467
"429",2019-08-13 03:20:00,3.9355109436321,1.04618761422839,-4.20023365408643,5.42992012803239,5.13351913947185,6.499,9.80393771084772,1.80922208922835,0.0152448173631866
"430",2019-08-13 03:30:00,3.94805653667652,1.18949012967932,-4.20023365408643,5.43067652557491,5.133907948663,6.497,9.81411834540459,1.81711862674665,0.015272766785658
"431",2019-08-13 03:40:00,3.93066525829623,1.33969959779921,-4.20023365408643,5.43012827617028,5.13410223148294,6.501,9.82431755772821,1.81127531386216,0.0152867705010011
"432",2019-08-13 03:50:00,3.93433263851053,1.49303987108346,-4.20023365408643,5.43053789983264,5.13449055357314,6.497,9.83430812801488,1.8155078036327,0.0153148361004587
"433",2019-08-13 04:00:00,3.91620541509249,1.64753348177685,-4.20023365408643,5.43000350297213,5.13474925456122,6.528,9.85685223406889,1.8097955020791,0.0153335896914646
"434",2019-08-13 04:10:00,3.89689351338751,1.80181990262453,-4.20023365408643,5.42942098607768,5.13500781122713,6.543,9.86918727907983,1.80357910119044,0.0153523779248812
"435",2019-08-13 04:20:00,3.90939387107851,1.9531037139209,-4.20023365408643,5.43009011263519,5.13526622357322,6.545,9.87742569823549,1.81058156208307,0.0153712008774883
"436",2019-08-13 04:30:00,3.88880954952847,2.10144347327047,-4.20023365408643,5.42958910572117,5.13571809791813,6.558,9.88361243383977,1.80517648827773,0.0154042248192471
"437",2019-08-13 04:40:00,3.89674591914007,2.24340897122241,-4.20023365408643,5.43007965018332,5.13597611340079,6.597,9.91050033840041,1.81029392930549,0.0154231436471386
"438",2019-08-13 04:50:00,3.8603444692843,2.37985848675772,-4.20023365408643,5.42886247325871,5.13629842982333,6.598,9.91050033840041,1.79736179568362,0.0154468414223443
"439",2019-08-13 05:00:00,3.83689390015166,2.50905236463513,-4.20023365408643,5.42815408779697,5.13662052077582,6.594,9.91672346185402,1.78981125419387,0.015470594050794
"440",2019-08-13 05:10:00,3.8601321007399,2.62003232797173,-4.20023365408643,5.42925244882282,5.13687803120628,6.631,9.94608731183856,1.80133205857697,0.015489635750249
"441",2019-08-13 05:20:00,3.84790691052001,2.70075454373963,-4.20023365408643,5.42903330242951,5.13726402631316,6.635,9.95234966997065,1.79892245799089,0.0155182644772971
"442",2019-08-13 05:30:00,3.84857109063244,2.75197876993868,-4.20023365408643,5.4291926957669,5.13745690212998,6.643,9.96280230103644,1.80055653140333,0.0155326086925848
"443",2019-08-13 05:40:00,3.83895935662894,2.77242927182791,-4.20023365408643,5.42903232886357,5.13777818148429,6.652,9.96908311693467,1.79878351976389,0.0155565600576633
"444",2019-08-13 05:50:00,3.82535045265791,2.76538938640413,-4.20023365408643,5.4287121281145,5.13809923542583,6.658,9.97746833629807,1.79532449993059,0.0155805669808577
"445",2019-08-13 06:00:00,3.79954889630579,2.73198608362406,-4.20023365408643,5.42777144129433,5.13822759389035,6.682,9.99661419371665,1.78537503175191,0.0155901853410266
"446",2019-08-13 06:10:00,3.84235053542308,2.67720449914659,-4.20023365408643,5.42961169262027,5.13842006397035,6.705,10.0158244850058,1.80474032381663,0.0156046296167908
"447",2019-08-13 06:20:00,3.83289578867758,2.60157208398635,-4.20023365408643,5.42945719968853,5.1387406671348,6.682,10.0029324041598,1.80302856519537,0.0156287481205853
"448",2019-08-13 06:30:00,3.81341897085065,2.50661593000298,-4.20023365408643,5.42881270226803,5.13893292085853,6.688,10.0137128815291,1.79617690066575,0.0156432461041544
"449",2019-08-13 06:40:00,3.78866537608456,2.39484873798862,-3.9665672950491,5.42804393204441,5.13925316345309,6.731,10.0285104932739,1.78798893315599,0.0156674543204364
"450",2019-08-13 06:50:00,3.78094405513885,2.26962520218427,-3.62863253373558,5.42786732746186,5.13944520084989,6.758,10.0327454148127,1.78607937420726,0.0156820062514695
"451",2019-08-13 07:00:00,3.7557018242074,2.13198294827598,-3.28720831631869,5.42698674753307,5.13963715713224,6.828,10.0457048671032,1.77675689464768,0.0156965784748424
"452",2019-08-13 07:10:00,3.72627604317925,1.98563247713905,-2.94294472047216,5.42584736783343,5.13970112453507,6.902,10.0520775053789,1.76475811744301,0.0157014403979068
"453",2019-08-13 07:20:00,3.6856445776977,1.83330666967723,-2.59649723039267,5.4242097666208,5.13970112453507,6.998,10.0457048671032,1.74757065119196,0.0157014403979068
"454",2019-08-13 07:30:00,3.63331971447358,1.67796863093811,-2.24852548861204,5.42209494940355,5.13970112453507,7.123,10.0563298620145,1.72543677514056,0.0157014403979068
"455",2019-08-13 07:40:00,3.56954878741917,1.51944383275324,-1.89969204002617,5.41950814628073,5.13970112453507,7.254,10.0478282941581,1.69846111370291,0.0157014403979068
"456",2019-08-13 07:50:00,3.50790707778124,1.36168386492759,-1.55066107053574,5.41687026116035,5.13950919528983,7.397,10.0457048671032,1.67111809830272,0.0156868614028813
"457",2019-08-13 08:00:00,3.42880327297614,1.20728921462001,-1.20209714200746,5.41359267819054,5.13944520084989,7.565,10.058457220839,1.63726700140428,0.0156820062514695
"458",2019-08-13 08:10:00,3.37954973691739,1.05890926509369,-0.85466392721296,5.41132021356293,5.13906104493732,7.715,10.0306275628337,1.61400192833021,0.0156529226478659
"459",2019-08-13 08:20:00,3.30469884356972,0.918061314172178,-0.50902294673266,5.40802906648027,5.1387406671348,7.88,10.0092576107508,1.58041766072127,0.0156287481205853
"460",2019-08-13 08:30:00,3.23586562949725,0.78648859232189,-0.165832308025222,5.40489410484361,5.13829175959912,8.1,10.0137128815291,1.54866478131449,0.0155949978669723
"461",2019-08-13 08:40:00,3.14565854491872,0.665364157075026,0.17425454623892,5.40085741283025,5.13784241030513,8.277,9.96489513580193,1.50804139613456,0.0155613569927121
"462",2019-08-13 08:50:00,3.07919223168313,0.554831488363286,0.510590082914069,5.39775794188026,5.13732832726938,8.506,9.96489513580193,1.47713638169653,0.0155230436682854
"463",2019-08-13 09:00:00,3.00394452779938,0.455051329777452,0.842533911551008,5.39427763899681,5.13681366712594,8.688,9.92942140957182,1.442675765839,0.0154848720207762
"464",2019-08-13 09:10:00,2.91682217991117,0.366751469301998,1.16945400319306,5.39012422723848,5.13604059472336,8.902,9.9063553926474,1.40197359522947,0.0154278788212162
"465",2019-08-13 09:20:00,2.82222983017037,0.288378562819506,1.49072789442278,5.38570432477411,5.1353953756272,9.109,9.88361243383977,1.35908191464314,0.0153806253975357
"466",2019-08-13 09:30:00,2.76892133997361,0.219843420542982,1.80574387164832,5.38274251639619,5.134231708261,9.311,9.84044753897147,1.3308503836391,0.0152961170752818
"467",2019-08-13 09:40:00,2.6957022578106,0.159640631488457,2.11390213672096,5.37891635314655,5.13306511831942,9.455,9.78363199214497,1.29464121642121,0.015212307170633
"468",2019-08-13 09:50:00,2.6216730846099,0.106229794951781,2.41461594833789,5.3751848485387,5.13215575002784,9.607,9.75353559582244,1.25966721888366,0.0151476001185235
"469",2019-08-13 10:00:00,2.56196919485665,0.0594643314627051,2.70731273970379,5.371922916075,5.13098396449537,9.817,9.71781212255356,1.22956064394231,0.0150650148301165
"470",2019-08-13 10:10:00,2.49482281682587,0.0204404911111411,2.99143520834878,5.36772880427275,5.12869712805206,10.018,9.64705140972311,1.19160441011062,0.0149063712185445
"471",2019-08-13 10:20:00,2.41730118293169,-0.0136678725656458,3.26644237737855,5.36313943751082,5.12653085290805,10.193,9.5620294708811,1.15064511121351,0.0147591018134986
"472",2019-08-13 10:30:00,2.35838547246157,-0.0443612731460929,3.53181062540088,5.35950937727245,5.12461905662487,10.396,9.50886221258247,1.11884197565748,0.0146315007109647
"473",2019-08-13 10:40:00,2.30181128196622,-0.0719330096892955,3.78703468384589,5.35604394382513,5.12283230171563,10.561,9.44329076200667,1.08892328512706,0.0145142034669845
"474",2019-08-13 10:50:00,2.24839206800776,-0.095755463191745,4.03162859858593,5.35251431127768,5.12063958463771,10.702,9.38436927098348,1.05905225107769,0.0143727778288476
"475",2019-08-13 11:00:00,2.24893290533352,-0.119629626961894,4.26512665562222,5.35217754037928,5.1199065038344,10.812,9.30997345157975,1.05640857546615,0.0143261035385252
"476",2019-08-13 11:10:00,2.20187213432726,-0.141715430236703,4.48708426751588,5.34968691657153,5.11923912365149,10.984,9.2635429827754,1.03535862299474,0.014283873270386
"477",2019-08-13 11:20:00,2.17212260253112,-0.160089494416642,4.6970788200046,5.34749764484613,5.11756674621322,11.131,9.19809283256727,1.01744156447093,0.0141791277818063
"478",2019-08-13 11:30:00,2.11927544490896,-0.175736930022124,4.8947104766018,5.34409924163296,5.11561976709931,11.28,9.1356508091012,0.989800604957657,0.0140590917698451
"479",2019-08-13 11:40:00,2.09475679625102,-0.18954326932842,5.0796029400698,5.34195788601546,5.11353018600661,11.385,9.06390782807175,0.972945112282937,0.0139324954390929
"480",2019-08-13 11:50:00,2.04983467803196,-0.202620218381622,5.25140416888131,5.33897786096017,5.11170322830962,11.491,8.99995398567852,0.949440018027675,0.0138236581729636
"481",2019-08-13 12:00:00,1.99155785168097,-0.213968633646882,5.40978704737879,5.33521485788561,5.1095975877448,11.593,8.93219025078559,0.920255200437886,0.0137003060493694
"482",2019-08-13 12:10:00,1.97081495354288,-0.224135165226816,5.55445000864073,5.33327696170335,5.10755172171947,11.72,8.87669205062453,0.90582877171177,0.0135825453198769
"483",2019-08-13 12:20:00,1.94164134056454,-0.233619194803643,5.68511760886143,5.33095963035324,5.10556644819021,11.802,8.79654114775551,0.88864221638733,0.0134701934292203
"484",2019-08-13 12:30:00,1.9224753783328,-0.241826022970373,5.80154105157766,5.32900432010913,5.1032982736945,11.854,8.73330191284697,0.874558285814849,0.0133440899175254
"485",2019-08-13 12:40:00,1.90328846210454,-0.249733576333356,5.9034986616034,5.32717103774542,5.10129707867766,11.933,8.66668101863142,0.861475871006481,0.0132347808133394
"486",2019-08-13 12:50:00,1.87991957309798,-0.256225757598637,5.99079630695904,5.32497669941924,5.09894140480164,11.981,8.59181715524053,0.846018748751402,0.0131083929530735
"487",2019-08-13 13:00:00,1.83826550445577,-0.263006040516068,6.06326776851665,5.32213692392353,5.09720280540628,12.003,8.55419189377814,0.825878551597196,0.0130166591907817
"488",2019-08-13 13:10:00,1.8089143826103,-0.269426594916639,6.12077505669324,5.31986629178744,5.09538884726125,12.076,8.49312175340718,0.810220193104879,0.0129223175217788
"489",2019-08-13 13:20:00,1.79203572285899,-0.27446942687176,6.16320867390843,5.31806956188722,5.09321832427045,12.134,8.44166032620439,0.798289479224457,0.0128112275066859
"490",2019-08-13 13:30:00,1.75498722236158,-0.279692088383089,6.19048782328519,5.3154724620004,5.09160252086351,12.18,8.38217310202893,0.78075900589138,0.0127297722907167
"491",2019-08-13 13:40:00,1.77153232897329,-0.284139008440675,6.20256056243607,5.31551163042414,5.08969983977754,12.223,8.33494556264505,0.781749312722162,0.0126351866547122
"492",2019-08-13 13:50:00,1.72611803196828,-0.28810164690581,6.19940390235606,5.31237540961255,5.08786165603769,12.218,8.28247926749681,0.760987831165532,0.0125451474890399
"493",2019-08-13 14:00:00,1.6943687537154,-0.29222358901002,6.18102385122267,5.31010347789056,5.08644369298695,12.24,8.24338659330391,0.746293016220115,0.0124765743582037
"494",2019-08-13 14:10:00,1.69808460496627,-0.295891764696413,6.14745540297099,5.30969931961896,5.08502228245715,12.267,8.20313412282039,0.744151319469948,0.0124085924820794
"495",2019-08-13 14:20:00,1.67660933586395,-0.298957288131021,6.09876247064486,5.30792774623223,5.08352610078285,12.269,8.15636471507706,0.733061924305192,0.0123378411723468
"496",2019-08-13 14:30:00,1.68018165583421,-0.301724213535724,6.0350377647676,5.30751810938546,5.0820976509468,12.301,8.12090681666262,0.730933364238509,0.0122710523669639
"497",2019-08-13 14:40:00,1.65857182212271,-0.303866572210545,5.95640261678527,5.30582043091601,5.08080912197597,12.323,8.09795629595695,0.720438555319506,0.0122114324118467
"498",2019-08-13 14:50:00,1.65111367248413,-0.306121431891764,5.86300674802844,5.30496815284491,5.07973323688929,12.319,8.06838715075953,0.715389547747614,0.0121621004798714
"499",2019-08-13 15:00:00,1.65716582069368,-0.307565368426576,5.75502798475496,5.30484462465089,5.07865543711676,12.061,8.04968379730167,0.715013032886617,0.0121130853461498
"500",2019-08-13 15:10:00,1.64873929627726,-0.308590523378434,5.63267191947924,5.30408961362005,5.07793584226721,12.298,8.02708633386533,0.710487283299812,0.0120805833853575
"501",2019-08-13 15:20:00,1.64827582422163,-0.309105895941612,5.49617151949541,5.30376448387842,5.07721539953424,12.305,8.00317884521838,0.708704364590557,0.0120482204241068
"502",2019-08-13 15:30:00,1.64480011554912,-0.30957564382979,5.34578668341148,5.30333614354253,5.0766384357165,12.311,7.987414918879,0.706221523134992,0.0120224296560769
"503",2019-08-13 15:40:00,1.65850746606543,-0.309880009527354,5.18180374639579,5.30383719305556,5.07606093070762,12.338,7.98081034344031,0.709605715805082,0.0119967270292608
"504",2019-08-13 15:50:00,1.65068191370344,-0.310058298050606,5.00453493461226,5.30326462824482,5.07569971554414,12.294,7.96904031014415,0.706130153248407,0.0119807074862766
"505",2019-08-13 16:00:00,1.66079564785308,-0.310659822121105,4.81431777110548,5.30378055324768,5.07562744718792,12.221,7.96387115697492,0.709413316859525,0.0119775076846496
"506",2019-08-13 16:10:00,1.67866886233497,-0.311767806927518,4.61151443320428,5.30482937001351,5.07584422693691,12.142,7.97562776652332,0.715990457501652,0.0119871111943953
"507",2019-08-13 16:20:00,1.68685849556237,-0.313214900645625,4.39651106246017,5.30544600372753,5.07627755846534,12.1,7.99670902294738,0.719766658784929,0.0120063552082151
"508",2019-08-13 16:30:00,1.71219941361049,-0.314543782210433,4.1697170299789,5.3070276371606,5.07685486060399,11.986,8.0019157180304,0.729745587223509,0.0120320908455997
"509",2019-08-13 16:40:00,1.75629908265744,-0.316247694895853,3.93156415655776,5.30962895305864,5.07757572680784,11.832,8.02042396485049,0.746522643595257,0.0120643845743985
"510",2019-08-13 16:50:00,1.71908117976537,-0.31541394294834,3.68250589095646,5.30721009648961,5.07642193472395,11.74,8.04298838728982,0.731095872118393,0.0120127808613946
"511",2019-08-13 17:00:00,1.72724393467618,-0.313228912637194,3.42301644585138,5.30680061840034,5.07439759515061,11.651,8.0576673302732,0.729213262358255,0.0119233196918038
"512",2019-08-13 17:10:00,1.74927221543792,-0.314178803877577,3.15358989549907,5.30815862853505,5.07490429974018,11.459,8.09119001385294,0.737862581095778,0.0119455847573902
"513",2019-08-13 17:20:00,1.77215882363045,-0.314738466364932,2.87473923505089,5.30943091006311,5.07512133249819,11.334,8.10877079496467,0.746149433590495,0.0119551473199647
"514",2019-08-13 17:30:00,1.76939384292019,-0.316092572711833,2.58699540314006,5.30970695482108,5.07613314840779,11.289,8.1183151123222,0.74758986658693,0.0119999350497424
"515",2019-08-13 17:40:00,1.76608325940487,-0.320018896309891,2.29090627173038,5.31076213902983,5.07908678652394,11.214,8.13860170295996,0.753482237429577,0.0121326535402637
"516",2019-08-13 17:50:00,1.77560173698859,-0.322894935594754,1.98703560251394,5.31235876652844,5.08174000379014,11.117,8.17419625083367,0.763200734116317,0.012254444907124
"517",2019-08-13 18:00:00,1.76225483817846,-0.32375568249824,1.67596197360903,5.31233099302544,5.08331205168242,10.989,8.21138812128375,0.76241530198615,0.0123277860980032
"518",2019-08-13 18:10:00,1.79803709750822,-0.323588610273962,1.35827767780438,5.31461376156647,5.08438152533986,10.862,8.24338659330391,0.777570219018806,0.0123781919056839
"519",2019-08-13 18:20:00,1.82402322782576,-0.3231810480024,1.03458759520337,5.31646975794072,5.08566234325753,10.742,8.25871738611999,0.789929741420967,0.0124391115505445
"520",2019-08-13 18:30:00,1.86387690567133,-0.322111884034949,0.705508041263864,5.31900521326795,5.08694037265418,10.627,8.29373286193896,0.807271561895583,0.0125005073840999
"521",2019-08-13 18:40:00,1.8924023972202,-0.320518285219924,0.371665592928433,5.32086760404765,5.08800326239544,10.442,8.31074841347713,0.820166683338407,0.0125520375583509
"522",2019-08-13 18:50:00,1.9102542017712,-0.318463251955566,0.0336958962487983,5.32207537544058,5.08878147919035,10.198,8.32782579577604,0.828587504282876,0.0125900400079547
"523",2019-08-13 19:00:00,1.9554175017101,-0.315788862053871,-0.30775754388836,5.32460242443709,5.08955864882234,10.058,8.3534733763726,0.846756447515957,0.0126282244068479
"524",2019-08-13 19:10:00,2.00327219136092,-0.312974123363568,-0.652044589678452,5.32725826658094,5.09040527431801,9.922,8.37207417990711,0.866171926844703,0.0126700888563521
"525",2019-08-13 19:20:00,2.05364454753524,-0.309729580941178,-0.998509707892993,5.32994067023806,5.09110984104635,9.79,8.39092006391044,0.886177439284111,0.0127051432432422
"526",2019-08-13 19:30:00,2.09436125732762,-0.306268050700029,-1.34649321774992,5.33217419960271,5.09188386091269,9.635,8.41553221865642,0.903022711065896,0.0127438797937711
"527",2019-08-13 19:40:00,2.16486608527427,-0.302972322874011,-1.69533254723833,5.33581166342434,5.09279725447175,9.486,8.43576465862739,0.931074277811718,0.012789899465179
"528",2019-08-13 19:50:00,2.22996201179043,-0.299546328640551,-2.04436349510013,5.33915286161175,5.09370917568856,9.302,8.46357272781517,0.957337563999859,0.0128361809416572
"529",2019-08-13 20:00:00,2.30615803598554,-0.296692055014022,-2.39292149465166,5.34306683575934,5.09489946294001,9.125,8.50049365684305,0.988679402789973,0.0128971008813896
"530",2019-08-13 20:10:00,2.36048000698465,-0.294027554574962,-2.74034287969867,5.3461044095342,5.09636632974505,8.937,8.52126596682066,1.01325956187123,0.0129729832719601
"531",2019-08-13 20:20:00,2.44378402629527,-0.290815217638795,-3.08596614804392,5.35027605824187,5.09762056971166,8.747,8.56165798690217,1.04790829526371,0.0130385835254988
"532",2019-08-13 20:30:00,2.53624999633293,-0.287205786565348,-3.42913322100629,5.35475475082731,5.09880251889917,8.529,8.58734388546195,1.08593397766619,0.0131010171120279
"533",2019-08-13 20:40:00,2.6212534722265,-0.283748988130367,-3.76919069642757,5.35893353434873,5.10012051430583,8.34,8.64057362387282,1.12202831823082,0.0131713503221962
"534",2019-08-13 20:50:00,2.71127429064261,-0.279912661034033,-4.10549109290677,5.36324856379455,5.10136620900046,8.101,8.66359162230846,1.16000748625466,0.0132385268436833
"535",2019-08-13 21:00:00,2.80456963379782,-0.276001753891857,-4.20023365408643,5.36772549866682,5.10274696192272,7.887,8.70537220208811,1.20006795872711,0.0133137956938298
"536",2019-08-13 21:10:00,2.89829080042137,-0.271690803946604,-4.20023365408643,5.37211833647978,5.10398661748392,7.655,8.72556863150535,1.24006051118563,0.0133821087212712
"537",2019-08-13 21:20:00,3.01166957020769,-0.266846972687261,-4.20023365408643,5.37719281863366,5.10508612631558,7.446,8.767881339945,1.28711970133649,0.0134432899478732
"538",2019-08-13 21:30:00,3.11269190542646,-0.261437858626239,-4.20023365408643,5.38170291024731,5.10611485542511,7.269,8.80438628475138,1.32956875909117,0.0135010427105722
"539",2019-08-13 21:40:00,3.19978234140358,-0.2559921512572,-4.20023365408643,5.38567656664145,5.10720996594989,7.11,8.84285660888106,1.36738403294705,0.0135630709081864
"540",2019-08-13 21:50:00,3.29138355134908,-0.249899542867785,-4.20023365408643,5.38970076055258,5.1080980687856,6.942,8.86854307330875,1.40617779579659,0.0136137945792791
"541",2019-08-13 22:00:00,3.37010397256917,-0.243312468422805,-4.20023365408643,5.39321120233732,5.1089846688117,6.796,8.89131759597304,1.44032158537336,0.0136648125008941
"542",2019-08-13 22:10:00,3.44116700108667,-0.236586676179946,-4.20023365408643,5.39649285831743,5.11000579961101,6.681,8.9239508317809,1.47245522556803,0.0137240476496784
"543",2019-08-13 22:20:00,3.52331074053,-0.229170092810756,-4.20023365408643,5.40011784325515,5.11088915809986,6.572,8.95178890743167,1.50831473163567,0.0137757063277439
"544",2019-08-13 22:30:00,3.56473165533338,-0.22100990327283,-4.20023365408643,5.40211174802873,5.11163543819736,6.481,8.98830603628653,1.52809029620749,0.013819652357078
"545",2019-08-13 22:40:00,3.64213682158459,-0.212373510590561,-4.20023365408643,5.40554832182582,5.11251601337432,6.382,9.00831813582238,1.56249261780025,0.0138718679530564
"546",2019-08-13 22:50:00,3.69911569460251,-0.203468268356941,-4.20023365408643,5.40828754246556,5.11353018600661,6.309,9.04348073129127,1.5900036317724,0.0139324954390929
"547",2019-08-13 23:00:00,3.73307143871964,-0.193713789291974,-4.20023365408643,5.41012098516456,5.11447493248232,6.242,9.07750553880625,1.60842996398938,0.0139894499546905
"548",2019-08-13 23:10:00,3.81912584863211,-0.182762239239159,-4.20023365408643,5.41372343687523,5.11508134362572,6.168,9.09113939617596,1.64517057612546,0.0140262529224618
"549",2019-08-13 23:20:00,3.8684629620722,-0.171053092376945,-4.20023365408643,5.41606150181064,5.11588876393618,6.116,9.1304645411039,1.66903412123118,0.0140755555127017
"550",2019-08-13 23:30:00,3.92888347647883,-0.158564545625417,-4.20023365408643,5.41890009357185,5.1168291241303,6.067,9.1512409270424,1.69815154754142,0.0141334123787562
"551",2019-08-13 23:40:00,3.98278057286588,-0.144987870110561,-4.20023365408643,5.42145681932117,5.11770074275421,6.029,9.17370920253141,1.724493296572,0.0141874640362991
"552",2019-08-13 23:50:00,4.0227312586786,-0.129567158750979,-4.20023365408643,5.42328616472826,5.11823637013767,6.008,9.20860698570042,1.74343269838653,0.0142208843016058
"553",2019-08-14,4.0555272655011,-0.112775047169945,-4.20023365408643,5.42493342678695,5.11890509686367,5.98,9.22807365364905,1.76048652805623,0.0142628295516552
"554",2019-08-14 00:10:00,4.09108412259951,-0.0949089994447149,-4.20023365408643,5.42685705658269,5.11983980622761,5.974,9.25455098930354,1.78041895279976,0.014321871920175
"555",2019-08-14 00:20:00,4.12278000199804,-0.0749187066485385,-4.20023365408643,5.42851348059188,5.1205729858494,5.965,9.27952133458462,1.79764924552887,0.0143685251100071
"556",2019-08-14 00:30:00,4.12680105013941,-0.0527149037088343,-4.20023365408643,5.42913665006624,5.12130507825469,5.959,9.30275601220213,1.80402744781146,0.0144154110362277
"557",2019-08-14 00:40:00,4.16371538329926,-0.0275488607838691,-4.20023365408643,5.43082298095016,5.12177038896,5.958,9.32443804256027,1.82170145800479,0.0144453693491119
"558",2019-08-14 00:50:00,4.17629187149474,0.000416059965310812,-4.20023365408643,5.43164209848168,5.1223016331392,5.952,9.34600172143453,1.83022559067555,0.014479723982275
"559",2019-08-14 01:00:00,4.18697235040532,0.0315071464621773,-4.20023365408643,5.43243559310833,5.12289859480792,5.942,9.36974020082473,1.83847263602559,0.0145185222082986
"560",2019-08-14 01:10:00,4.17648435750732,0.066466128356037,-4.20023365408643,5.43239145153109,5.12342861564867,5.981,9.39715037100152,1.83787329414246,0.0145531428022855
"561",2019-08-14 01:20:00,4.1905853311855,0.105917427216717,-4.20023365408643,5.43322897657802,5.12389191145511,5.976,9.40828022762367,1.84663011828268,0.014583539172824
"562",2019-08-14 01:30:00,4.1844845171568,0.150491909428401,-4.20023365408643,5.43330703315935,5.12435476623026,5.998,9.42849929919702,1.84734272460442,0.0146140323903893
"563",2019-08-14 01:40:00,4.17799429104052,0.200689268442967,-4.20023365408643,5.43345853346027,5.12494921703875,6,9.44710089935115,1.84880164909991,0.0146533808579871
"564",2019-08-14 01:50:00,4.18513895164523,0.257580601542728,-4.20023365408643,5.43408168627887,5.12547700544695,6.011,9.4638552836552,1.85528162214233,0.0146884928273572
"565",2019-08-14 02:00:00,4.1455399308258,0.322327701505179,-4.20023365408643,5.43289146115155,5.12593834746758,6.039,9.49196716143906,1.84254542996411,0.0147193209142208
"566",2019-08-14 02:10:00,4.18848216946986,0.395690960403838,-4.20023365408643,5.43487331345355,5.1264650550069,6.065,9.50693478493366,1.86344419134431,0.0147546736478087
"567",2019-08-14 02:20:00,4.18661604561197,0.479083380553857,-4.20023365408643,5.43498045636035,5.12672819255172,6.048,9.50886221258247,1.86451794587058,0.0147723984357213
"568",2019-08-14 02:30:00,4.17341349943033,0.572613029601189,-4.20023365408643,5.43470179499255,5.12705691174721,6.068,9.52967939652779,1.86147642997768,0.01479459995636
"569",2019-08-14 02:40:00,4.15131006275613,0.677186274594632,-4.20023365408643,5.43408360610597,5.12738540565944,6.108,9.54863467980196,1.85483105962426,0.0148168522016993
"570",2019-08-14 02:50:00,4.15968093809935,0.792464607979668,-4.20023365408643,5.43471354693383,5.12784491861899,6.097,9.55619218869875,1.86140746782542,0.0148480908275845
"571",2019-08-14 03:00:00,4.14559000280936,0.919350722653509,-4.20023365408643,5.43439906951285,5.12817287176368,6.116,9.56008301233198,1.85798643141496,0.0148704653805407
"572",2019-08-14 03:10:00,4.14394899349185,1.05489126543328,-4.20023365408643,5.43464829620457,5.12863162756808,6.132,9.58109835608339,1.86052084552082,0.0149018758011912
"573",2019-08-14 03:20:00,4.14477308131627,1.19822144823773,-4.20023365408643,5.43494760957663,5.12902449523988,6.162,9.59457351249443,1.86360488020909,0.0149288791826499
"574",2019-08-14 03:30:00,4.11429651744775,1.34901404249994,-4.20023365408643,5.43391491622643,5.12922080736219,6.193,9.60611908074708,1.85258798169193,0.0149424087036989
"575",2019-08-14 03:40:00,4.10791428637878,1.50284693156182,-4.20023365408643,5.4339374154323,5.12961318816279,6.187,9.61965629704016,1.85273010864134,0.0149695235594592
"576",2019-08-14 03:50:00,4.08126087507648,1.6581481793904,-4.20023365408643,5.43318059559735,5.13000524435065,6.215,9.62950274579917,1.84460347925898,0.0149967130381527
"577",2019-08-14 04:00:00,4.07246101404279,1.8139867883465,-4.20023365408643,5.43306421081616,5.13033170985591,6.238,9.64880937176935,1.8432886092857,0.0150194281184925
"578",2019-08-14 04:10:00,4.07006483631577,1.96730904426569,-4.20023365408643,5.43314979993352,5.13059271993421,6.25,9.65672718192578,1.84413173326646,0.0150376377136399
"579",2019-08-14 04:20:00,4.0404359635753,2.11614360952677,-4.20023365408643,5.4324061725128,5.131179465021,6.258,9.66642004353411,1.83610392525443,0.0150787316814343
"580",2019-08-14 04:30:00,4.02598358936009,2.25783540330832,-4.20023365408643,5.43215774261639,5.13163531724006,6.278,9.6820969388726,1.83335912485007,0.0151108112359924
"581",2019-08-14 04:40:00,4.02063541779422,2.39551289853132,-4.20023365408643,5.43217255370756,5.13196065538111,6.285,9.68807031763892,1.83343536659127,0.0151337884358796
"582",2019-08-14 04:50:00,4.01415270969861,2.52791634343814,-4.20023365408643,5.43214322036232,5.1322857680258,6.3,9.70380906506005,1.83304406789612,0.0151568184941838
"583",2019-08-14 05:00:00,4.02744753858397,2.65162242978697,-4.20023365408643,5.43283757357838,5.13254569578068,6.308,9.72360152336895,1.84033839914624,0.0151752806969312
"584",2019-08-14 05:10:00,4.02249386618265,2.75882686251894,-4.20023365408643,5.43286820070161,5.13287040251968,6.3,9.72761312328376,1.84058294201411,0.0151984062684238
"585",2019-08-14 05:20:00,4.01208186195658,2.83515373215417,-4.20023365408643,5.43273094437524,5.1332597529358,6.318,9.74167666158158,1.83903146110084,0.0152262272811608
"586",2019-08-14 05:30:00,4.00409490495572,2.88018184063693,-4.20023365408643,5.43268765565798,5.13364877861729,6.317,9.74950518932019,1.83847641281082,0.0152541252546111
"587",2019-08-14 05:40:00,4.00720219737631,2.89508062329542,-4.20023365408643,5.43298766935493,5.133907948663,6.343,9.76968654046462,1.84159383213057,0.015272766785658
"588",2019-08-14 05:50:00,4.01002206632859,2.88332289480799,-4.20023365408643,5.43314244682866,5.13397271862338,6.341,9.7737316207397,1.84321966483457,0.0152774325395486
"589",2019-08-14 06:00:00,3.9800623652736,2.84526537263729,-4.20023365408643,5.4321956140773,5.1342964331195,6.339,9.78565923865212,1.8331012462342,0.0153007935952103
"590",2019-08-14 06:10:00,3.99010331679538,2.78466489270863,-4.20023365408643,5.43267766210704,5.13442585577555,6.359,9.78768722315768,1.83817855355812,0.0153101531066053
"591",2019-08-14 06:20:00,3.98033559367918,2.70178365956518,-4.20023365408643,5.43251906718536,5.13474925456122,6.386,9.80800773826945,1.8364173206579,0.0153335896914646
"592",2019-08-14 06:30:00,3.96646637287214,2.6002260548524,-4.20023365408643,5.43210970804066,5.13494318559074,6.389,9.80800773826945,1.83203101830771,0.0153476776146056
"593",2019-08-14 06:40:00,3.97944413206128,2.48282767933752,-4.01231946944154,5.43275272270422,5.13513703543999,6.422,9.83044602153048,1.83879894205974,0.0153617850564795
"594",2019-08-14 06:50:00,3.95281117127875,2.35220109456968,-3.67382479481175,5.43170789722337,5.13513703543999,6.439,9.83430812801488,1.82772687583968,0.0153617850564795
"595",2019-08-14 07:00:00,3.93208752691022,2.21027894546634,-3.33184721694939,5.43089388462657,5.13513703543999,6.477,9.83840032129356,1.81911147762531,0.0153617850564795
"596",2019-08-14 07:10:00,3.91626050190413,2.05752995828687,-2.98703787609325,5.43018290552118,5.13500781122713,6.548,9.84659368058811,1.81162658191294,0.0153523779248812
"597",2019-08-14 07:20:00,3.85409508697761,1.9000363914375,-2.64005330471227,5.42760271229226,5.13481390725782,6.634,9.83840032129356,1.78445767983641,0.0153382834990969
"598",2019-08-14 07:30:00,3.80610450728465,1.73872073107012,-2.29155417703552,5.42549011068277,5.13449055357314,6.802,9.85069485251291,1.76232928556431,0.0153148361004587
"599",2019-08-14 07:40:00,3.73939302386053,1.57600234585027,-1.94220405109581,5.42259134956599,5.13410223148294,6.963,9.83840032129356,1.73206682149754,0.0152867705010011
"600",2019-08-14 07:50:00,3.67161991091104,1.41316053027949,-1.5926681056959,5.41977283846474,5.133907948663,7.131,9.83044602153048,1.70272573450067,0.015272766785658
"601",2019-08-14 08:00:00,3.57974084604242,1.25368076053123,-1.24361187347227,5.41602410063172,5.133778381681,7.307,9.83249033440501,1.66387412280263,0.015263441725606
"602",2019-08-14 08:10:00,3.54640460934436,1.10000676252105,-0.895699973680357,5.41464759457909,5.13371358465937,7.438,9.81411834540459,1.64967400017125,0.0152587824170697
"603",2019-08-14 08:20:00,3.45225534979735,0.956705881051526,-0.549594847285628,5.41028863632005,5.13280547921244,7.652,9.8100438648148,1.60512476623207,0.0151937768973741
"604",2019-08-14 08:30:00,3.34338724141065,0.823033004652216,-0.205955494679764,5.40548634737407,5.13215575002784,7.923,9.80393771084772,1.55637385233952,0.0151476001185235
"605",2019-08-14 08:40:00,3.22547632466895,0.697313459377681,0.134563778265451,5.40064370327755,5.13209072749886,8.18,9.77777964445407,1.50752307901611,0.0151429941080301
"606",2019-08-14 08:50:00,3.12621593240562,0.582490699340857,0.471314606030303,5.39644636277263,5.13189560579242,8.4,9.77777964445407,1.46562818391765,0.01512918877189
"607",2019-08-14 09:00:00,3.04189189039865,0.481258794037404,0.803655798781684,5.39260788348326,5.131309753609,8.589,9.7515200266297,1.42778552063337,0.0150878867490679
"608",2019-08-14 09:10:00,2.95930126962521,0.392423267584086,1.13095456228571,5.38833544888285,5.12987459502424,8.79,9.72360152336895,1.38631920567053,0.0149876415719554
"609",2019-08-14 09:20:00,2.85413652644805,0.313032978045501,1.45258770332395,5.38328941071402,5.12876261952075,9.125,9.70780631644692,1.33778070725575,0.0149108686928808
"610",2019-08-14 09:30:00,2.72451097826569,0.243334971666409,1.76794281626654,5.37695037141692,5.12725403512997,9.397,9.65474665776356,1.27783529331446,0.0148079452077076
"611",2019-08-14 09:40:00,2.64435403182054,0.181108106217315,2.07641944863677,5.37307975610218,5.1264650550069,9.68,9.6351998948155,1.2417717768293,0.0147546736478087
"612",2019-08-14 09:50:00,2.54743514769805,0.126248451650362,2.37743024526926,5.36834422634129,5.12547700544695,9.873,9.59457351249443,1.19829175315865,0.0146884928273572
"613",2019-08-14 10:00:00,2.45379965963008,0.0776531401363216,2.67040206580378,5.36380867231966,5.12468510671552,10.095,9.57155554859999,1.15728656777723,0.014635872759302
"614",2019-08-14 10:10:00,2.39374746222557,0.0355004115362868,2.95477707647329,5.36048990805584,5.12342861564867,10.348,9.55252008287458,1.12795632224106,0.0145531428022855
"615",2019-08-14 10:20:00,2.31518359242803,-0.00241047943811414,3.23001381223166,5.35655086630833,5.12263336846279,10.543,9.51636431693559,1.09342766994365,0.014501258994659
"616",2019-08-14 10:30:00,2.22390866132947,-0.0355919894731997,3.49558820730313,5.35181697023249,5.1215045510691,10.746,9.48428569553467,1.05276101690112,0.0144282386823784
"617",2019-08-14 10:40:00,2.14816812102234,-0.0640868081302101,3.75099459378989,5.3475166281236,5.1199065038344,10.982,9.45451726766187,1.01678205058935,0.0143261035385252
"618",2019-08-14 10:50:00,2.06785349555553,-0.0887517177711662,3.99574666365183,5.34282526484899,5.11803557714752,11.182,9.40828022762367,0.978448459161098,0.0142083375754296
"619",2019-08-14 11:00:00,2.00425547687888,-0.112994899141633,4.22937839548044,5.33952080337916,5.11749973449077,11.357,9.35327854445938,0.951734019100474,0.0141749624707442
"620",2019-08-14 11:10:00,1.96566442389515,-0.140102959203454,4.45144494114016,5.33869753837486,5.11970638407041,11.529,9.3333431291377,0.944312742735363,0.0143134144184108
"621",2019-08-14 11:20:00,1.9457411365644,-0.161672346141599,4.66152347318245,5.33768885829913,5.11963965952075,11.644,9.28670694591928,0.936252542512328,0.0143091885329249
"622",2019-08-14 11:30:00,1.91407314146386,-0.179205496621959,4.85921398983767,5.33574419799732,5.11883826457654,11.755,9.26517954977304,0.921083793336822,0.0142586265046452
"623",2019-08-14 11:40:00,1.87179232903982,-0.194549954175201,5.04414007664857,5.33316196344727,5.1178347034205,11.889,9.23681670567529,0.901186931510581,0.0141958078073874
"624",2019-08-14 11:50:00,1.82676865320131,-0.2084886321291,5.21594962318777,5.33051198019867,5.11703040137044,11.927,9.19647715455639,0.88100745959506,0.014145857767482
"625",2019-08-14 12:00:00,1.77456766695931,-0.22185760369229,5.37431549350273,5.32761913165842,5.11656062899617,12.052,9.18236135245109,0.85920633340709,0.0141168446463516
"626",2019-08-14 12:10:00,1.74032204019329,-0.233543923021289,5.51893614900699,5.32546596200792,5.11575428342923,12.104,9.15284257467318,0.843407561820994,0.0140673199413692
"627",2019-08-14 12:20:00,1.72110095295076,-0.242775498484644,5.64953622263533,5.323649399845,5.11400277834728,12.23,9.07395483052977,0.83065132235228,0.013960928003337
"628",2019-08-14 12:30:00,1.69442072745245,-0.250136708308046,5.7658670431635,5.32127997255775,5.11190654509631,12.475,9.01845132453094,0.814190431426226,0.0138356863717086
"629",2019-08-14 12:40:00,1.66040986751412,-0.257248874445183,5.86770710870054,5.3186938849454,5.11020978526768,12.619,8.96007392283232,0.796325580442228,0.0137359422966331
"630",2019-08-14 12:50:00,1.6318115694075,-0.2643742658073,5.9548625084485,5.31650415097558,5.10878020226545,12.624,8.91400485224532,0.781460052687945,0.0136530129103955
"631",2019-08-14 13:00:00,1.609264599285,-0.271068185628238,6.02716729192884,5.31466088890813,5.1074150460684,12.692,8.87498535324384,0.769196497944525,0.0135747503605648
"632",2019-08-14 13:10:00,1.58831914459185,-0.277355035011714,6.08448378496884,5.31292662442871,5.10611485542511,12.761,8.84285660888106,0.75782295575031,0.0135010427105722
"633",2019-08-14 13:20:00,1.57702823782517,-0.282865695674944,6.12670285185019,5.31165833690466,5.1046740762131,12.777,8.79169083951138,0.749788143135169,0.0134202961630727
"634",2019-08-14 13:30:00,1.56791751150844,-0.287109525517066,6.15374410311846,5.31026485500111,5.10267800817663,12.797,8.70372343331908,0.741212521473322,0.0133100164417376
"635",2019-08-14 13:40:00,1.56017433182848,-0.290801111767809,6.16555604865876,5.30888645902127,5.10053606314831,12.825,8.64654424913039,0.732892807780888,0.0131936833110009
"636",2019-08-14 13:50:00,1.54030633966293,-0.294973504422245,6.16211619574458,5.30713073907394,5.09908025553421,12.757,8.6040053613785,0.721957066007941,0.0131157752839574
"637",2019-08-14 14:00:00,1.53786412849967,-0.299745389065844,6.14343109188575,5.30665778256913,5.09831614137597,12.829,8.59181715524053,0.719179549087291,0.0130752526771153
"638",2019-08-14 14:10:00,1.51786620872357,-0.303090984531555,6.10953631233491,5.30476178998334,5.09657556698147,12.828,8.53327732831156,0.707660276267388,0.0129838807146038
"639",2019-08-14 14:20:00,1.52582139724677,-0.305221284863083,6.06049639242768,5.30427213651678,5.09440965032271,12.859,8.46810687324291,0.705367596822313,0.0128719613518316
"640",2019-08-14 14:30:00,1.52880150893411,-0.307418051955677,5.9964047046052,5.30359153843053,5.09244612338113,12.9,8.41829397522262,0.701804503034841,0.0127721687059498
"641",2019-08-14 14:40:00,1.5181108706017,-0.309376314228714,5.91738328079394,5.30219388659361,5.09061673550326,12.923,8.36643501473351,0.693725866480769,0.0126805891568129
"642",2019-08-14 14:50:00,1.53585760912275,-0.310983306305922,5.82358257989523,5.30244681081406,5.08885217426735,12.836,8.29945398626463,0.695977860789529,0.0125935037827132
"643",2019-08-14 15:00:00,1.54190306987335,-0.313081083298013,5.71518120145693,5.30266814013122,5.08856934203808,12.695,8.32359294459856,0.697471219359634,0.012579657702798
"644",2019-08-14 15:10:00,1.54633007761694,-0.315322569342779,5.59238554541674,5.30267632356326,5.08800326239544,12.595,8.29945398626463,0.697738071921424,0.0125520375583509
"645",2019-08-14 15:20:00,1.55469880358929,-0.31704783755365,5.45542941943196,5.30305716183834,5.08779083989762,12.479,8.30939839661165,0.700209352706966,0.0125417046951237
"646",2019-08-14 15:30:00,1.57099720083754,-0.32017636512088,5.30457359331414,5.30439319119383,5.08878147919035,12.331,8.3291811123206,0.708277025578173,0.0125900400079547
"647",2019-08-14 15:40:00,1.5677080763691,-0.322187110680925,5.14010530295622,5.30426995737718,5.08892286068903,12.306,8.34207610352665,0.707440402659498,0.0125969690619635
"648",2019-08-14 15:50:00,1.57533745089789,-0.322058736059787,4.96233770309308,5.30409158914586,5.08750748895441,12.364,8.28247926749681,0.70684771306707,0.0125279484396029
"649",2019-08-14 16:00:00,1.57466319217841,-0.321437112120881,4.77160927099224,5.30357112260837,5.08637270426504,12.311,8.25454642728994,0.703987399942433,0.0124731612731368
"650",2019-08-14 16:10:00,1.59615124238228,-0.320974617502547,4.56828316243682,5.30437158069202,5.08544906707647,12.367,8.2405592331849,0.709409079938371,0.0124289253277809
"651",2019-08-14 16:20:00,1.6060053505228,-0.321916430332502,4.3527465197429,5.30503516154403,5.0857334181062,12.38,8.2600528796496,0.713528445255309,0.0124425098965277
"652",2019-08-14 16:30:00,1.59380087447647,-0.324462834575436,4.12540973492769,5.30484458640547,5.08686944428647,12.236,8.2881866707294,0.71187912616602,0.012497083936043
"653",2019-08-14 16:40:00,1.61951921183889,-0.326408017500294,3.886705668332,5.30652907944394,5.08750748895441,12.066,8.31361848753417,0.72245351407269,0.0125279484396029
"654",2019-08-14 16:50:00,1.6377541009376,-0.327816292153884,3.63708882415227,5.30785281568253,5.08828637139149,11.789,8.32207004958131,0.730760015854781,0.0125658356446677
"655",2019-08-14 17:00:00,1.6826056283497,-0.32945670285973,3.37703448532221,5.31080311801967,5.08955864882234,11.451,8.36353261256227,0.749772980982346,0.0126282244068479
"656",2019-08-14 17:10:00,1.73542303160351,-0.33068508348071,3.10703780846533,5.31409529655483,5.0907576662225,11.104,8.40243574840057,0.771596759549251,0.0126875969769623
"657",2019-08-14 17:20:00,1.78149551130208,-0.331027053513556,2.82761288120929,5.31680624910799,5.09153216411043,10.74,8.42278525299036,0.790059329678045,0.0127262492555134
"658",2019-08-14 17:30:00,1.82566749922772,-0.329800087744099,2.53929174300561,5.31898977335258,5.09139142452231,10.615,8.41829397522262,0.805485070438839,0.0127192077881614
"659",2019-08-14 17:40:00,1.85700429931725,-0.32786914103114,2.24262337254855,5.32034935519911,5.09089856220882,10.693,8.39229360214584,0.815360980857265,0.0126946109004154
"660",2019-08-14 17:50:00,1.86002414344136,-0.327574181615712,1.93817264203585,5.3207111112635,5.09139142452231,10.797,8.42416803807312,0.817769505256984,0.0127192077881614
"661",2019-08-14 18:00:00,1.85490650753762,-0.326999019075947,1.62651924197143,5.32066736914015,5.09188386091269,10.814,8.43576465862739,0.817270581822917,0.0127438797937711
"662",2019-08-14 18:10:00,1.85411838813933,-0.325742585529252,1.30825657728985,5.3207790923414,5.09223534023242,10.771,8.43732456691982,0.817940735288507,0.012761548797933
"663",2019-08-14 18:20:00,1.86006161254276,-0.324492614429275,0.983990637617264,5.32125681882983,5.09265682816497,10.741,8.45625741401217,0.821219445223861,0.0127828025197527
"664",2019-08-14 18:30:00,1.88096679293644,-0.323407595518407,0.654338843183072,5.32256700765098,5.09328847206312,10.625,8.46950286036663,0.83046599985461,0.0128147876145621
"665",2019-08-14 18:40:00,1.92404832861762,-0.321808679794174,0.319928869204508,5.3249263612432,5.09384934044326,10.507,8.49154353281587,0.847543782815182,0.0128433245197363
"666",2019-08-14 18:50:00,1.96541609609386,-0.319951658408001,-0.0186025489736751,5.32720581195624,5.09447964976379,10.333,8.49610425456058,0.864264834207687,0.0128755480028536
"667",2019-08-14 19:00:00,1.98389967617245,-0.317256939792596,-0.360610828248488,5.32824629655535,5.0948295159237,10.231,8.52868120954594,0.871956691594661,0.0128935048055598
"668",2019-08-14 19:10:00,2.01421196426914,-0.31434735014314,-0.705444765492539,5.32990624340036,5.09531896144967,10.102,8.53327732831156,0.884359374629522,0.0129187104127614
"669",2019-08-14 19:20:00,2.06433524588631,-0.31096555997874,-1.05244777692731,5.33245462830007,5.09573814509208,10.006,8.54514141731755,0.903772870249884,0.0129403767757101
"670",2019-08-14 19:30:00,2.09279943033968,-0.30754619666079,-1.40095914885773,5.33399798001467,5.09622679445244,9.929,8.56308140889713,0.915589171828287,0.0129657262673252
"671",2019-08-14 19:40:00,2.13311963457543,-0.304464356217938,-1.75031529528318,5.33617112909837,5.09692412044218,9.813,8.57662485680685,0.932407856792533,0.0130020750033768
"672",2019-08-14 19:50:00,2.17709606676309,-0.3008716800564,-2.09985102140688,5.33843171378558,5.09748135003807,9.659,8.59181715524053,0.950189087616249,0.0130312689977792
"673",2019-08-14 20:00:00,2.23883270492043,-0.297039540029669,-2.44890079048523,5.34144011359664,5.09796846529921,9.467,8.60239045789276,0.974291917366785,0.0130568979697033
"674",2019-08-14 20:10:00,2.31339062305089,-0.292966587391534,-2.79679999105049,5.34504030769097,5.09859412411676,9.273,8.64202037717126,1.0036289750045,0.0130899655039379
"675",2019-08-14 20:20:00,2.38509857221048,-0.289031951891972,-3.14288620194756,5.34849826377719,5.09928846567461,9.026,8.6527034532452,1.03228061848396,0.0131268609637208
"676",2019-08-14 20:30:00,2.46649449504075,-0.285073579264428,-3.48650045418583,5.35236231151409,5.10005122533709,8.789,8.67268365826014,1.06487035126869,0.0131676338922525
"677",2019-08-14 20:40:00,2.54913549004207,-0.280762009889018,-3.82698848510246,5.35623088176239,5.10081291948798,8.565,8.69603649072541,1.0980790154352,0.0132086048043967
"678",2019-08-14 20:50:00,2.64990673258857,-0.276087558356953,-4.16370198466427,5.3607767903737,5.10150444318123,8.326,8.71160588218765,1.13788272059462,0.0132460238634796
"679",2019-08-14 21:00:00,2.7602149494692,-0.271018945972781,-4.20023365408643,5.36561843039288,5.10212606016799,8.098,8.7380952714316,1.18111892093454,0.0132798424513594
"680",2019-08-14 21:10:00,2.87438526628434,-0.265773798641718,-4.20023365408643,5.37054914905503,5.10274696192272,7.896,8.76472773558383,1.22596278463506,0.0133137956938298
"681",2019-08-14 21:20:00,2.96757989971205,-0.259848934973975,-4.20023365408643,5.37454927726771,5.1032982736945,7.669,8.78684526839762,1.26289628890477,0.0133440899175254
"682",2019-08-14 21:30:00,3.0507052087431,-0.25439848723122,-4.20023365408643,5.3783228639387,5.10426170722429,7.456,8.81074619554449,1.2980424758067,0.0133973634112461
"683",2019-08-14 21:40:00,3.12424367656991,-0.248712391811958,-4.20023365408643,5.38166551877463,5.10515477031884,7.289,8.82517965743518,1.3295110508963,0.0134471281927824
"684",2019-08-14 21:50:00,3.19834919777982,-0.241963298907748,-4.20023365408643,5.38487481878267,5.10577216742724,7.154,8.85077511148013,1.36009375439155,0.0134817490813131
"685",2019-08-14 22:00:00,3.29775378875831,-0.234784205166332,-4.20023365408643,5.38908074569943,5.10645732160092,6.95,8.87024757622589,1.40062800985134,0.013520379199986
"686",2019-08-14 22:10:00,3.36788691202725,-0.22689041890033,-4.20023365408643,5.39202968700233,5.10693640142175,6.812,8.89283958135728,1.42931788419885,0.0135475225079004
"687",2019-08-14 22:20:00,3.43645989087083,-0.218654869739727,-4.20023365408643,5.39498047413906,5.10755172171947,6.696,8.90923011837218,1.45819858517103,0.0135825453198769
"688",2019-08-14 22:30:00,3.54346990372153,-0.210166449581633,-4.20023365408643,5.39949104190196,5.10837102892233,6.555,8.92873955255272,1.50277654241998,0.0136294609661518
"689",2019-08-14 22:40:00,3.6359969433515,-0.20089139579381,-4.20023365408643,5.40335979574238,5.10905280652655,6.425,8.94851717782296,1.54137976539479,0.0136687492029822
"690",2019-08-14 22:50:00,3.72204509246398,-0.190958506241107,-4.20023365408643,5.40697210052545,5.10973369399865,6.306,8.9782327220231,1.57769844439365,0.0137082128592391
"691",2019-08-14 23:00:00,3.82087502018401,-0.180176808853651,-4.20023365408643,5.41105060371785,5.11041369071827,6.196,9.00500973428895,1.61904595172123,0.0137478528755226
"692",2019-08-14 23:10:00,3.91487457387834,-0.16874395961714,-4.20023365408643,5.41505740260847,5.11129635378641,6.106,9.0334933554316,1.65991918304916,0.0137996501121628
"693",2019-08-14 23:20:00,3.99064788446094,-0.156262468788647,-4.20023365408643,5.41830457439074,5.11204204499006,6.024,9.0519166592696,1.69325196048146,0.0138437141397305
"694",2019-08-14 23:30:00,4.08326110581918,-0.142698718045272,-4.20023365408643,5.42217014891269,5.11278665597409,5.966,9.07572987733198,1.7332115123824,0.0138879954862908
"695",2019-08-14 23:40:00,4.12103097393077,-0.127778231902299,-4.20023365408643,5.42401577805981,5.11353018600661,5.915,9.10639683182762,1.75227805670299,0.0139324954390929
"696",2019-08-14 23:50:00,4.17574369288283,-0.111331596504358,-4.20023365408643,5.42644591782003,5.11420518378748,5.851,9.1236903536174,1.7775478893475,0.0139731407317751
"697",2019-08-15,4.23406079070154,-0.0931717548260042,-4.20023365408643,5.42896776151647,5.11481191705038,5.82,9.14763903204582,1.80389469803071,0.0140098776907188
"698",2019-08-15 00:10:00,4.28434538087741,-0.0730299005843677,-4.20023365408643,5.43115328102674,5.11535062698566,5.776,9.1684846622245,1.82680367431374,0.0140426575943278
"699",2019-08-15 00:20:00,4.330343187664,-0.0512768850740186,-4.20023365408643,5.43335620194612,5.1161576174662,5.737,9.1807505576277,1.84990151467618,0.0140920488867456
"700",2019-08-15 00:30:00,4.35776649096293,-0.0271718300091229,-4.20023365408643,5.43483965127079,5.11689622550732,5.719,9.21914240822327,1.8654478903356,0.0141375589743261
"701",2019-08-15 00:40:00,4.38688358339723,2.41925391135281e-05,-4.20023365408643,5.43625741610293,5.11743271380092,5.692,9.22990238389253,1.88037805595197,0.0141707990357857
"702",2019-08-15 00:50:00,4.42004867805137,0.0305506477532156,-4.20023365408643,5.43778166895904,5.11790167029958,5.662,9.24394395975274,1.89648799961182,0.0141999825141959
"703",2019-08-15 01:00:00,4.45237345049377,0.0644439533059332,-4.20023365408643,5.43936599388887,5.11850396851467,5.633,9.27418980908952,1.91323911624394,0.0142376396967757
"704",2019-08-15 01:10:00,4.49732254599618,0.102374176157076,-4.20023365408643,5.44141609432605,5.11910553986748,5.62,9.27582970182497,1.93500875415933,0.0142754500820426
"705",2019-08-15 01:20:00,4.51159405774136,0.145482329337804,-4.20023365408643,5.44220945824445,5.11950618348117,5.63,9.29925396447776,1.94340810587386,0.01430074248757
"706",2019-08-15 01:30:00,4.51926922336845,0.194348496881531,-4.20023365408643,5.44276217139956,5.1199065038344,5.633,9.32071478660006,1.94923575909279,0.0143261035385252
"707",2019-08-15 01:40:00,4.53076117983433,0.249062137134266,-4.20023365408643,5.44359236076418,5.1205063780758,5.64,9.33707530085904,1.95799736420548,0.0143642743146011
"708",2019-08-15 01:50:00,4.52212811659647,0.31080386047909,-4.20023365408643,5.44373018425976,5.12117205143275,5.653,9.35702480737359,1.95931819821401,0.0144068689486718
"709",2019-08-15 02:00:00,4.52356413098724,0.38078428740626,-4.20023365408643,5.44419372948914,5.12177038896,5.63,9.36974020082473,1.96415314849189,0.0144453693491119
"710",2019-08-15 02:10:00,4.53692231774171,0.460016584538678,-4.20023365408643,5.44505268190089,5.1223016331392,5.66,9.38436927098348,1.9732572754219,0.014479723982275
"711",2019-08-15 02:20:00,4.54900268732572,0.549582783631394,-4.20023365408643,5.44577434494228,5.12269968854277,5.687,9.41185511055584,1.98092521827888,0.0145055718612306
"712",2019-08-15 02:30:00,4.52202641479317,0.649545532477875,-4.20023365408643,5.44514554300474,5.12322992531632,5.72,9.43588991716495,1.97403647228522,0.0145401453419428
"713",2019-08-15 02:40:00,4.54916790598344,0.760321226953009,-4.20023365408643,5.44661187990755,5.12389191145511,5.729,9.45070185318296,1.98966155578186,0.014583539172824
"714",2019-08-15 02:50:00,4.54721895790545,0.88131045897031,-4.20023365408643,5.44691061032053,5.12442085233322,5.753,9.47874478414855,1.99275586744665,0.0146183964917853
"715",2019-08-15 03:00:00,4.5376113160218,1.0118157248405,-4.20023365408643,5.44687904633106,5.12488320296433,5.757,9.4862050341883,1.9923075191595,0.0146490008453417
"716",2019-08-15 03:10:00,4.51994723937481,1.15207624200585,-4.20023365408643,5.44654729133931,5.12534511237933,5.786,9.51079032918319,1.98862517985084,0.014679702841709
"717",2019-08-15 03:20:00,4.52838349480591,1.29885256678276,-4.20023365408643,5.44718708896613,5.12580658049853,5.796,9.52387686048652,1.99541149092349,0.0147105028548567
"718",2019-08-15 03:30:00,4.531104884509,1.45027835146186,-4.20023365408643,5.44761513150581,5.12626760724642,5.815,9.53914874133847,1.99991922660981,0.0147414012604226
"719",2019-08-15 03:40:00,4.53133597353281,1.60398569801182,-4.20023365408643,5.44785751562686,5.12659664179936,5.823,9.55252008287458,2.00245708625751,0.0147635319993101
"720",2019-08-15 03:50:00,4.53573371118856,1.75853180209471,-4.20023365408643,5.44834978664515,5.12705691174721,5.848,9.56765649699277,2.00766229485285,0.01479459995636
"721",2019-08-15 04:00:00,4.53079556325077,1.91064130577424,-4.20023365408643,5.44839980720883,5.12738540565944,5.863,9.57155554859999,2.00812596521557,0.0148168522016993
"722",2019-08-15 04:10:00,4.51814061562068,2.05882933829448,-4.20023365408643,5.44816069043048,5.1277136742664,5.88,9.59653235783782,2.00546867088487,0.0148391553108299
"723",2019-08-15 04:20:00,4.51889475108907,2.2024912196088,-4.20023365408643,5.44847091559678,5.12810729916243,5.893,9.60611908074708,2.00872609767048,0.0148659863784871
"724",2019-08-15 04:30:00,4.50918227859507,2.34230277441736,-4.20023365408643,5.44848273518572,5.12863162756808,5.91,9.6255620381996,2.00873208992911,0.0149018758011912
"725",2019-08-15 04:40:00,4.49860407634104,2.47500792633457,-4.20023365408643,5.44832034625365,5.1289590398337,5.935,9.64880937176935,2.0069028834497,0.0149243734690829
"726",2019-08-15 04:50:00,4.48646078347472,2.59830230706572,-4.20023365408643,5.44814552242919,5.12935163702897,5.962,9.65474665776356,2.00492453829323,0.0149514387126916
"727",2019-08-15 05:00:00,4.45559553904056,2.7170348058236,-4.20023365408643,5.44721594168809,5.12967855340397,5.981,9.65474665776356,1.9948192324213,0.0149740499504483
"728",2019-08-15 05:10:00,4.45856135343887,2.82351476315517,-4.20023365408643,5.44751596400697,5.12993992419622,6.002,9.68032829288696,1.99799432873886,0.0149921762657736
"729",2019-08-15 05:20:00,4.46859513341756,2.89716919033274,-4.20023365408643,5.44808365705657,5.13020115070757,6.003,9.68032829288696,2.00405958820989,0.0150103358380894
"730",2019-08-15 05:30:00,4.43568684461223,2.93978559008073,-4.20023365408643,5.44707333731293,5.13052748094215,6.016,9.69604491225472,1.99308370171237,0.0150330821826907
"731",2019-08-15 05:40:00,4.4208961178912,2.95279728573715,-4.20023365408643,5.44688827440738,5.13104914035631,6.043,9.71380762501885,1.99096677370947,0.0150695850154128
"732",2019-08-15 05:50:00,4.41270046940007,2.93763800556013,-4.20023365408643,5.44681193736912,5.13137488437408,6.068,9.72761312328376,1.99006786085942,0.0150924674363819
"733",2019-08-15 06:00:00,4.44444134195856,2.89523742924635,-4.20023365408643,5.44834916187134,5.13183054718392,6.072,9.7436886561021,2.00654850006891,0.0151245912210706
"734",2019-08-15 06:10:00,4.43293515136474,2.83046253243614,-4.20023365408643,5.44814808941512,5.13215575002784,6.127,9.76968654046462,2.00430200963711,0.0151476001185235
"735",2019-08-15 06:20:00,4.36564822126831,2.74565674239693,-4.20023365408643,5.44572315575264,5.13235076349471,6.13,9.76766510321073,1.97810854055983,0.0151614308616876
"736",2019-08-15 06:30:00,4.3611014045876,2.64456073194,-4.20023365408643,5.44573707128513,5.13261065516898,6.144,9.77777964445407,1.97819759563019,0.015179901556827
"737",2019-08-15 06:40:00,4.34125057718691,2.52350834302463,-4.05845302799043,5.44521184130816,5.13293531680661,6.184,9.79174540761958,1.97246677693286,0.015203037770199
"738",2019-08-15 06:50:00,4.30974152283224,2.38788542653255,-3.71939810058547,5.44423743615066,5.1332597529358,6.215,9.80190380923986,1.96190824636698,0.0152262272811608
"739",2019-08-15 07:00:00,4.28825760852441,2.24262888643737,-3.37686753233414,5.44359858749137,5.13351913947185,6.274,9.8100438648148,1.95498064027218,0.0152448173631866
"740",2019-08-15 07:10:00,4.23614947384798,2.08974959797474,-3.0315135252448,5.44177745958339,5.133778381681,6.34,9.80597235373571,1.93537229106423,0.015263441725606
"741",2019-08-15 07:20:00,4.20704594398194,1.92923032412201,-2.68399365764466,5.44074630295988,5.133907948663,6.449,9.81615670018166,1.92429164436217,0.015272766785658
"742",2019-08-15 07:30:00,4.1631068252916,1.76564066165987,-2.33496963196587,5.43904679038798,5.133907948663,6.566,9.81615670018166,1.90610909400072,0.015272766785658
"743",2019-08-15 07:40:00,4.09803727349181,1.59971099208751,-1.98510601496112,5.43643280703559,5.133778381681,6.741,9.81411834540459,1.87824749437068,0.015263441725606
"744",2019-08-15 07:50:00,4.0308678126997,1.43674936882055,-1.63506897190482,5.43364124426146,5.13351913947185,6.955,9.81411834540459,1.84862452857278,0.0152448173631866
"745",2019-08-15 08:00:00,3.93216440458996,1.27704930704998,-1.28552499871725,5.42965681720159,5.13332461310044,7.154,9.80393771084772,1.8064901257561,0.0152308715920209
"746",2019-08-15 08:10:00,3.83404588405944,1.12239602666306,-0.93713965235755,5.42576576092221,5.1332597529358,7.376,9.80800773826945,1.76553648848226,0.0152262272811608
"747",2019-08-15 08:20:00,3.75749816736331,0.974472521043081,-0.590576283971634,5.42270658084523,5.13319488375074,7.544,9.79783822840306,1.73350513941589,0.0152215851080961
"748",2019-08-15 08:30:00,3.66169289060268,0.837278783793845,-0.246494775815432,5.4187433896419,5.13293531680661,7.795,9.79174540761958,1.69227852298794,0.015203037770199
"749",2019-08-15 08:40:00,3.55972694043075,0.710682378253199,0.0944497156150204,5.41451595739626,5.13267560553706,8.026,9.77575526448566,1.64859344689097,0.0151845245427502
"750",2019-08-15 08:50:00,3.44161601478343,0.595746841670705,0.43160800664417,5.4094937738624,5.13222076353684,8.308,9.76564440072974,1.59715466877181,0.0151522082468522
"751",2019-08-15 09:00:00,3.32620490209231,0.49305326492688,0.76433812251479,5.4043907313607,5.13150511884605,8.576,9.73363598114144,1.54545688320262,0.0151016351237969
"752",2019-08-15 09:10:00,3.21505426016289,0.400630461653508,1.09200652002595,5.39955176834266,5.13098396449537,8.841,9.71180646415421,1.49688795754873,0.0150650148301165
"753",2019-08-15 09:20:00,3.11389977796184,0.318279623701681,1.41398929384328,5.39528335978193,5.13078838279909,9.059,9.70780631644692,1.45439587150302,0.0150513168512309
"754",2019-08-15 09:30:00,3.01066582584817,0.245785700410838,1.72967336419901,5.39058988099534,5.13007055548741,9.269,9.68032829288696,1.40830847105072,0.0150012518902358
"755",2019-08-15 09:40:00,2.91045176291286,0.182505860484801,2.03845764425678,5.38588040964531,5.12915537900425,9.501,9.64705140972311,1.36267326098663,0.0149378967988247
"756",2019-08-15 09:50:00,2.81575289457664,0.127057535464092,2.33975418500258,5.38141087451389,5.1283039899236,9.751,9.60241312137604,1.31990069659759,0.0148794295296978
"757",2019-08-15 10:00:00,2.70297320879642,0.0785953375005467,2.63298929425318,5.37595656254878,5.12712262855304,10.015,9.57740937652184,1.2685100945005,0.0147990463430073
"758",2019-08-15 10:10:00,2.6116651018341,0.0367171240147271,2.91760462938475,5.37117452098294,5.12554293847113,10.153,9.50308199514307,1.22436124254526,0.0146928908234242
"759",2019-08-15 10:20:00,2.55252046951038,-1.90860250063869e-05,3.19305826055125,5.36773641405733,5.12389191145511,10.365,9.44329076200667,1.19323871460305,0.014583539172824
"760",2019-08-15 10:30:00,2.45176754258087,-0.0328680277144046,3.45882570180128,5.36256224807558,5.12243435425217,10.522,9.39169893414278,1.14681628277382,0.0144883321273877
"761",2019-08-15 10:40:00,2.40066560128785,-0.0622596517072767,3.71440091084033,5.35958760553718,5.12103898865737,10.653,9.32982071884871,1.12073882955645,0.0143983345925445
"762",2019-08-15 10:50:00,2.32652633631618,-0.0876996142712622,3.95929725171368,5.35536994617861,5.11923912365149,10.82,9.2580233391683,1.08426458506965,0.014283873270386
"763",2019-08-15 11:00:00,2.28119579261302,-0.110525020592574,4.19304842192088,5.35249953878612,5.11756674621322,10.957,9.21569579170072,1.05998412000718,0.0141791277818063
"764",2019-08-15 11:10:00,2.23241137886321,-0.130303268904409,4.41520933991137,5.34926988645419,5.11548521495019,11.065,9.14264055886402,1.03312726336112,0.0140508709901534
"765",2019-08-15 11:20:00,2.19698922831422,-0.149279514984432,4.62535699293157,5.34700082602046,5.11413772425124,11.165,9.08599774803791,1.01447415354921,0.0139690679964347
"766",2019-08-15 11:30:00,2.1392446443086,-0.165411875591315,4.82309124212311,5.34337098034212,5.11210978154604,11.281,9.02840926405459,0.985039391707629,0.0138477307172879
"767",2019-08-15 11:40:00,2.06566181423634,-0.179735262586278,5.00803558469285,5.33897155146779,5.11007380374068,11.358,8.9550627562896,0.94997527590483,0.0137280107633605
"768",2019-08-15 11:50:00,2.05860155210969,-0.193174953232674,5.17983787078448,5.33778951298296,5.10823456664133,11.486,8.90274374689375,0.941166144579566,0.0136216242867563
"769",2019-08-15 12:00:00,1.98993178781474,-0.205125844599844,5.33817097379785,5.33360899115958,5.10625186851894,11.554,8.82517965743518,0.908890021098518,0.0135087721567268
"770",2019-08-15 12:10:00,1.9597338422326,-0.215635215414838,5.48273341348985,5.33119020262749,5.1041241800583,11.688,8.7758670860172,0.890942680399495,0.0133897326899222
"771",2019-08-15 12:20:00,1.92526623970901,-0.225268374742774,5.61324992999676,5.32855671942009,5.1019879848499,11.76,8.69439085384723,0.871652513487864,0.0132723155953881
"772",2019-08-15 12:30:00,1.88865948539003,-0.234014060299925,5.72947200780173,5.32580639100078,5.0998433055988,11.888,8.64202037717126,0.851831149606813,0.0131564944163025
"773",2019-08-15 12:40:00,1.87122436030011,-0.242314663177366,5.83117834910531,5.32411833461799,5.09796846529921,11.999,8.5857345183887,0.840056163567328,0.0130568979697033
"774",2019-08-15 12:50:00,1.83336379231054,-0.250049672728426,5.91817529517295,5.32146527105642,5.09622679445244,12.045,8.52726790129281,0.821384636891489,0.0129657262673252
"775",2019-08-15 13:00:00,1.82608432459206,-0.256785595878717,5.99029719497902,5.32021964521792,5.09419959959818,12.132,8.4754403547843,0.813192387791068,0.0128612108029908
"776",2019-08-15 13:10:00,1.80300290880447,-0.262345760342541,6.04740672074745,5.31805409685893,5.09188386091269,12.127,8.39366753835644,0.798683169751765,0.0127438797937711
"777",2019-08-15 13:20:00,1.77915182528335,-0.268321385096994,6.08939512939951,5.31617370791068,5.09033476989863,12.181,8.37361330142911,0.786102523982275,0.012666591800955
"778",2019-08-15 13:30:00,1.7576793244456,-0.273618575157713,6.11618246961867,5.3143163820832,5.08856934203808,12.23,8.31074841347713,0.773940933015573,0.012579657702798
"779",2019-08-15 13:40:00,1.73970865952458,-0.278288413370017,6.12771773409546,5.3126033023672,5.0867275616762,12.247,8.27125263884662,0.762960647757245,0.0124902414873651
"780",2019-08-15 13:50:00,1.7283047193382,-0.282653845153987,6.12397895664161,5.31131812488054,5.08509343472487,12.192,8.21833282234048,0.75491766244023,0.0124119776281136
"781",2019-08-15 14:00:00,1.70670298554224,-0.286602016138566,6.10497325405389,5.30955416731393,5.08359743333931,12.2,8.1701003723481,0.743732353550632,0.0123411957568724
"782",2019-08-15 14:10:00,1.69989410283925,-0.290667968149019,6.07073681254249,5.3087147517543,5.08245508437084,12.179,8.14266975322296,0.738629579744256,0.0122876956306593
"783",2019-08-15 14:20:00,1.69273019296505,-0.294074874036331,6.02133481889887,5.30776563321157,5.08109570077375,12.203,8.11556302411439,0.732929587812136,0.0122246414105989
"784",2019-08-15 14:30:00,1.68417180069227,-0.296555622691491,5.95686133627576,5.30668122425361,5.07958964078933,12.157,8.0616643277979,0.726456109366559,0.0121555468782113
"785",2019-08-15 14:40:00,1.68265426693095,-0.299108514945378,5.87743912521258,5.30612083732053,5.07843964776398,12.153,8.03503043549968,0.723276617385055,0.0121033201204157
"786",2019-08-15 14:50:00,1.68791228158373,-0.301477654505546,5.78321940987005,5.30598139750978,5.0774316213073,12.145,8.0019157180304,0.722763855027648,0.0120579147599851
"787",2019-08-15 15:00:00,1.68995562320124,-0.30315129492464,5.67438158990778,5.30576057540889,5.0766384357165,12.103,7.97829683975989,0.721647115194494,0.0120224296560769
"788",2019-08-15 15:10:00,1.68128081237317,-0.30436687088654,5.5511328993092,5.3050288017913,5.07598870456156,12.019,7.96387115697492,0.717207969024526,0.0119935203803443
"789",2019-08-15 15:20:00,1.69080329931058,-0.305195138755009,5.41370801139488,5.30517667080297,5.07512133249819,12.004,7.94683908405963,0.718484765124424,0.0119551473199647
"790",2019-08-15 15:30:00,1.69782229167214,-0.305716975716871,5.26236859219562,5.30527988324927,5.07447000677915,12,7.93904760133855,0.719394247829232,0.011926496343396
"791",2019-08-15 15:40:00,1.7037483954833,-0.30636427856452,5.09740280212393,5.30544406709236,5.07410786448913,11.955,7.92086785637069,0.720584262799678,0.0119106266335325
"792",2019-08-15 15:50:00,1.71484420467716,-0.306687286139028,4.91912474756231,5.30585015189008,5.07367301619972,11.949,7.92350481741191,0.723357129028917,0.0118916276142776
"793",2019-08-15 16:00:00,1.72094701417826,-0.307529966818372,4.72787388232377,5.30611130287231,5.0735279995329,11.913,7.90662392685771,0.725093250625414,0.011885305403926
"794",2019-08-15 16:10:00,1.74260167500492,-0.308139382300584,4.52401436187314,5.30721391191851,5.07345547859849,11.837,7.90276105830051,0.732255006690028,0.0118821463199099
"795",2019-08-15 16:20:00,1.75984614786032,-0.308879342643604,4.30793434934753,5.30813855242271,5.0735279995329,11.814,7.91699276973555,0.738257405222271,0.011885305403926
"796",2019-08-15 16:30:00,1.76581294372951,-0.309937585065022,4.08004527711804,5.30856622303253,5.07381799925509,11.713,7.92598807116981,0.740950284499645,0.0118979552189825
"797",2019-08-15 16:40:00,1.7871691207269,-0.31167865936667,3.84078106271172,5.30993193203868,5.07447000677915,11.671,7.94418847358016,0.749716691975561,0.011926496343396
"798",2019-08-15 16:50:00,1.80680624189958,-0.314203324696305,3.59059728332413,5.31141016669222,5.07562744718792,11.541,7.98867402291622,0.759139688907624,0.0119775076846496
"799",2019-08-15 17:00:00,1.82182712837055,-0.315684574796624,3.32997030761545,5.31237931359455,5.07613314840779,11.419,8.01377132057101,0.765474239004389,0.0119999350497424
"800",2019-08-15 17:10:00,1.83035980841961,-0.316753108383197,3.05939638946137,5.31301820603915,5.0766384357165,11.33,8.00712837922115,0.769610648265831,0.0120224296560769
"801",2019-08-15 17:20:00,1.83552337276389,-0.317862912375421,2.77939072222824,5.31357631566137,5.07735955585132,11.345,8.02708633386533,0.773134496389302,0.0120546819306379
"802",2019-08-15 17:30:00,1.84114030856768,-0.318528884030454,2.49048645866664,5.31412682699212,5.07800783992756,11.288,8.04569725254561,0.776649918672718,0.0120838273146699
"803",2019-08-15 17:40:00,1.8206977086313,-0.319850137359607,2.19323369497997,5.31372650447159,5.07951782997779,11.141,8.08443368943477,0.773338376386258,0.0121522721875455
"804",2019-08-15 17:50:00,1.82273746064591,-0.320903393829346,1.88819842384196,5.31451728197925,5.08116732414446,11.052,8.12771698723462,0.778126974578493,0.0122279472130563
"805",2019-08-15 18:00:00,1.81439914530348,-0.320952049522444,1.57596145659807,5.31472474719122,5.08266944177248,10.805,8.16731724352294,0.778982850788279,0.0122976988132397
"806",2019-08-15 18:10:00,1.83600667869982,-0.320226197189861,1.25711731735739,5.31626278040852,5.0837400727298,10.745,8.20033110026918,0.789216477155648,0.0123479092700337
"807",2019-08-15 18:20:00,1.83101918019841,-0.318655860838742,0.932273110969853,5.31637197513489,5.08459518836347,10.526,8.23075990898733,0.789652592592537,0.0123883122994578
"808",2019-08-15 18:30:00,1.86580349112254,-0.317314855214556,0.602047367055931,5.31859028857527,5.0857334181062,10.536,8.26422875791983,0.80478819495574,0.0124425098965277
"809",2019-08-15 18:40:00,1.87514955954167,-0.315610531779521,0.267068862412163,5.3195043833524,5.08679850729344,10.412,8.28247926749681,0.810871732424103,0.0124936619707214
"810",2019-08-15 18:50:00,1.89871986062826,-0.313221235184454,-0.0720245766300584,5.32099775790541,5.0875783396455,10.365,8.31361848753417,0.82126196446125,0.0125313852670131
"811",2019-08-15 19:00:00,1.92414811287895,-0.310545851509881,-0.41458728828211,5.3225731918988,5.08835712702605,10.241,8.33341899214372,0.83235871014867,0.0125692889098928
"812",2019-08-15 19:10:00,1.95603749722781,-0.307739838337744,-0.759967004817155,5.32451155436404,5.08927616293111,10.113,8.35773314973877,0.846192891813394,0.0126143180530451
"813",2019-08-15 19:20:00,1.98513666105952,-0.304744957146384,-1.10750609454068,5.32633260874316,5.09026425680214,10.011,8.38800261578571,0.85930922464931,0.0126630962666123
"814",2019-08-15 19:30:00,2.02653644413058,-0.30136350601205,-1.45654281397929,5.32866453039678,5.09110984104635,9.847,8.40536208846431,0.876493390883563,0.0127051432432422
"815",2019-08-15 19:40:00,2.07367185765059,-0.297587077862482,-1.80641256775029,5.33118144380198,5.09181353894686,9.711,8.43576465862739,0.895405758133844,0.0127403506120649
"816",2019-08-15 19:50:00,2.14644014865916,-0.294124855302017,-2.1564491744292,5.33490923497438,5.09265682816497,9.478,8.45921702514692,0.924027441230278,0.0127828025197527
"817",2019-08-15 20:00:00,2.2008453174479,-0.290593955436898,-2.5059861345949,5.33781185609595,5.09363908022373,9.281,8.49014110605425,0.946629829099347,0.0128326114926061
"818",2019-08-15 20:10:00,2.27217214731303,-0.286695759640363,-2.85435789990148,5.34143857779248,5.09461962243968,9.095,8.51527151128042,0.975483213658633,0.0128827260119458
"819",2019-08-15 20:20:00,2.32997688629421,-0.282845430348857,-3.20090114075769,5.34445715269786,5.09566830302592,8.869,8.54815635723407,0.999846734189841,0.0129367617609762
"820",2019-08-15 20:30:00,2.40226993445584,-0.278690767039953,-3.54495600894752,5.34801381833553,5.09657556698147,8.672,8.57359210766803,1.02915974458078,0.0129838807146038
"821",2019-08-15 20:40:00,2.47333097488033,-0.273974783849798,-3.88586739417501,5.35144581999082,5.09741172703938,8.456,8.60544128215689,1.05794517225013,0.0130276141412414
"822",2019-08-15 20:50:00,2.54709241541604,-0.269353386599246,-4.20023365408643,5.35502000063309,5.09838565024048,8.219,8.62360636784015,1.08837824008951,0.0130789284595261
"823",2019-08-15 21:00:00,2.64563868533468,-0.264597066769828,-4.20023365408643,5.35962298006612,5.09942722845273,7.85,8.65578597155142,1.12835468223349,0.0131342595491963
"824",2019-08-15 21:10:00,2.75435412880413,-0.25967497268237,-4.20023365408643,5.36461904635496,5.10053606314831,7.786,8.69128393394233,1.17261579371495,0.0131936833110009
"825",2019-08-15 21:20:00,2.85259432590989,-0.253861868421034,-4.20023365408643,5.36903439536548,5.10143533050191,7.584,8.73017031253993,1.21246988048088,0.0132422745267717
"826",2019-08-15 21:30:00,2.96783185256581,-0.248139931031072,-4.20023365408643,5.37415058791898,5.10247109392396,7.377,8.75379845096197,1.25944131106685,0.0132986886986908
"827",2019-08-15 21:40:00,3.04362244202704,-0.241945398189362,-4.20023365408643,5.37759497887964,5.10336714787991,7.209,8.78535527544939,1.29145488215359,0.0133478842346736
"828",2019-08-15 21:50:00,3.12684814871566,-0.235250341179234,-4.20023365408643,5.38131290000576,5.10426170722429,7.04,8.81711425157706,1.32642585653946,0.0133973634112461
"829",2019-08-15 22:00:00,3.22187967208855,-0.22799161359148,-4.20023365408643,5.38546932554895,5.10515477031884,6.89,8.83645558126966,1.36601436277373,0.0134471281927824
"830",2019-08-15 22:10:00,3.28506403550327,-0.220172928972429,-4.20023365408643,5.38833993508195,5.10597780683974,6.752,8.86854307330875,1.39356407816394,0.0134933201220382
"831",2019-08-15 22:20:00,3.40278323545378,-0.212028294564786,-4.20023365408643,5.39336485728356,5.10693640142175,6.622,8.8945523666887,1.44244244087897,0.0135475225079004
"832",2019-08-15 22:30:00,3.46328812821032,-0.203075175143278,-4.20023365408643,5.39611315306318,5.10775666854092,6.506,8.91897538613331,1.46934898628052,0.0135942507639215
"833",2019-08-15 22:40:00,3.56815993648802,-0.193469245371811,-4.20023365408643,5.40053736006148,5.10857565562993,6.406,8.9469782731122,1.51317888423221,0.0136412290738915
"834",2019-08-15 22:50:00,3.62616687147396,-0.183443753889356,-4.20023365408643,5.40325643587516,5.10952952125811,6.308,8.97997474925387,1.54020341379883,0.0136963552874701
"835",2019-08-15 23:00:00,3.70803623213284,-0.172258451396324,-4.20023365408643,5.40675655877363,5.1102777626638,6.206,9.00325909847794,1.57535998159883,0.0137399107181175
"836",2019-08-15 23:10:00,3.77243194757417,-0.160007306785077,-4.20023365408643,5.40959630645043,5.11102492567249,6.135,9.0334933554316,1.6040286978405,0.0137836804601512
"837",2019-08-15 23:20:00,3.86354796103108,-0.146634732553832,-4.20023365408643,5.41339024255969,5.11170322830962,6.061,9.04857986058092,1.64266520307266,0.0138236581729636
"838",2019-08-15 23:30:00,3.9359195867844,-0.132495899526451,-4.20023365408643,5.41660104836527,5.11258368742261,6,9.07060364036156,1.6754910091304,0.0138758971297732
"839",2019-08-15 23:40:00,4.0047519466741,-0.116755908628909,-4.20023365408643,5.41955879469263,5.11325993656332,5.926,9.09113939617596,1.70593054566896,0.0139162882631814
"840",2019-08-15 23:50:00,4.06276768691269,-0.0991713527254776,-4.20023365408643,5.42203305130523,5.11380029242027,5.9,9.12010761819911,1.73151745258295,0.0139487316929208
"841",2019-08-16,4.10315382829205,-0.0801920111004034,-4.20023365408643,5.42398089841329,5.11454234729097,5.866,9.14763903204582,1.75165065619721,0.0139935318357305
"842",2019-08-16 00:10:00,4.1422266936533,-0.0593554560396025,-4.20023365408643,5.4258836762961,5.11528331957382,5.834,9.17732927744367,1.77137506150403,0.0140385536628783
"843",2019-08-16 00:20:00,4.20182917815359,-0.0361611855370729,-4.20023365408643,5.42850480455492,5.11595599075487,5.792,9.1807505576277,1.79873096976519,0.0140796760757912
"844",2019-08-16 00:30:00,4.23041383919305,-0.0101574394667075,-4.20023365408643,5.42989944596125,5.11649348280836,5.77,9.20516732921047,1.81328458365223,0.0141127073706868
"845",2019-08-16 00:40:00,4.26673086897692,0.0185941196133417,-4.20023365408643,5.43166728778305,5.11716454137608,5.748,9.22441811420827,1.83177851365261,0.0141541640367209
"846",2019-08-16 00:50:00,4.27554057019288,0.0507102359777385,-4.20023365408643,5.43242430835526,5.1178347034205,5.745,9.25108094063387,1.83961677088419,0.0141958078073874
"847",2019-08-16 01:00:00,4.29878901854993,0.0868457483645602,-4.20023365408643,5.43367319731887,5.11843708237984,5.749,9.27050192305253,1.85269313743569,0.0142334480134605
"848",2019-08-16 01:10:00,4.31214617590593,0.127621699343303,-4.20023365408643,5.43451571589095,5.11897192017479,5.736,9.2955484518943,1.86149606605889,0.014267034496206
"849",2019-08-16 01:20:00,4.3256911519131,0.17391002465638,-4.20023365408643,5.43532310530894,5.119439431992,5.744,9.30811659400557,1.86995316790377,0.0142965223256327
"850",2019-08-16 01:30:00,4.33896606942833,0.226300347206568,-4.20023365408643,5.43612203866063,5.1199065038344,5.733,9.32071478660006,1.87833015984189,0.0143261035385252
"851",2019-08-16 01:40:00,4.34379901275434,0.285367435894141,-4.20023365408643,5.43665433281813,5.12043976131728,5.753,9.34060255053881,1.88386218499091,0.0143600254415861
"852",2019-08-16 01:50:00,4.34561972325795,0.35244645543209,-4.20023365408643,5.43698756360719,5.12083932708752,5.775,9.36244075558012,1.88731155757059,0.0143855475364234
"853",2019-08-16 02:00:00,4.35381595172177,0.428566712760813,-4.20023365408643,5.43755785881342,5.12123856933806,5.781,9.37704969959155,1.89328842641773,0.0144111390254962
"854",2019-08-16 02:10:00,4.37528305048981,0.51413674559102,-4.20023365408643,5.43871086859391,5.12177038896,5.794,9.39169893414278,1.90545379016474,0.0144453693491119
"855",2019-08-16 02:20:00,4.34438444074086,0.609853916644978,-4.20023365408643,5.43787580923428,5.12223525909186,5.811,9.40996222692444,1.89643415667691,0.0144754228364523
"856",2019-08-16 02:30:00,4.35248715651709,0.716838399202626,-4.20023365408643,5.43844540431897,5.12263336846279,5.814,9.41185511055584,1.90241179686638,0.014501258994659
"857",2019-08-16 02:40:00,4.35381545006849,0.835451963577418,-4.20023365408643,5.43871881627113,5.12296487890372,5.852,9.43779201400384,1.90524875442619,0.0145228429099934
"858",2019-08-16 02:50:00,4.34736143243392,0.964267799012049,-4.20023365408643,5.43865761620404,5.12322992531632,5.852,9.45260922085541,1.90453132985253,0.0145401453419428
"859",2019-08-16 03:00:00,4.35273685247393,1.10251956092839,-4.20023365408643,5.43899272025167,5.12342861564867,5.857,9.45260922085541,1.90806011635269,0.0145531428022855
"860",2019-08-16 03:10:00,4.36366429119592,1.24762415931575,-4.20023365408643,5.43971545511253,5.12389191145511,5.859,9.45642599393449,1.91566786353593,0.014583539172824
"861",2019-08-16 03:20:00,4.3468194153232,1.39924353543441,-4.20023365408643,5.43922143566315,5.12409033179641,5.879,9.4657673365501,1.91034224140705,0.0145965958142568
"862",2019-08-16 03:30:00,4.38147758003224,1.5542723544031,-4.20023365408643,5.44060628181427,5.12422256701722,5.882,9.47512496609529,1.92511301279376,0.0146053101385957
"863",2019-08-16 03:40:00,4.36908977321286,1.71152535771388,-4.20023365408643,5.44014371760139,5.12422256701722,5.888,9.47512496609529,1.92016588742281,0.0146053101385957
"864",2019-08-16 03:50:00,4.37866495508101,1.86815273113178,-4.20023365408643,5.44059181217478,5.12435476623026,5.899,9.4862050341883,1.92492643404427,0.0146140323903893
